AREA,Event,Sub-Category,Time of Event,DOI,MGRS FRIENDLY,MGRS NON PARTNER 
Manbij,Assassination,TSO,,1-Jun-18,37SDA1199058694,
Manbij,Cross DML,,,1-Jun-18,37SDA0028155459,
Manbij,Cross DML,,,1-Jun-18,37SCA9437455957,
Manbij,Cross DML,,,1-Jun-18,37SCA9500356261 ,
Manbij,Cross DML,,,1-Jun-18,37SCA83323 34353,
Raqqah,Explosion,IED,,1-Jun-18,37SDV9825180139,
Ayn Issa,IED,VBIED,,2-Jun-18,37SDA8791626728,
Dayr az Zawr,IED,IED,,2-Jun-18,37SFV 0417420605,
Manbij,Cross DML,,,2-Jun-18,37SCA83570 32728,
Manbij,Cross DML,,,2-Jun-18,37S CA 82184 39583,
Ayn Issa,IED,IED,,3-Jun-18,37SDA8378724317,
Manbij,Cross DML,,,3-Jun-18,37S DA 11689 53766,
Manbij,Cross DML,,,3-Jun-18,37SCA9352055538,
Manbij,Cross DML,,,3-Jun-18,37S CA 80123 36813,
Manbij,Cross DML,,,3-Jun-18,37S CA 79325 36876,
Manbij,Cross DML,,,3-Jun-18,37SDA1591455688,
Raqqah,Cache,,,3-Jun-18,37SEV0085779010,
Raqqah,Cache,,,3-Jun-18,37SEV0090278853,
Manbij,Cross DML,,,4-Jun-18,37S CA 83312 34312,
Manbij,Cross DML,,,4-Jun-18,37SCA9352055538,
Manbij,Cross DML,,,4-Jun-18,37SDA0028155459,
Marqadah,Crime,Murder,,4-Jun-18,37S FV 25569 53501,
Manbij,Cross DML,,,5-Jun-18,37SDA0247555727,
Manbij,Cross DML,,,6-Jun-18,37SDA1699157012,
Manbij,Cross DML,,,6-Jun-18,37SCA8877649536,
Manbij,Cross DML,,,6-Jun-18,37SDA0867954141,
Manbij,Cross DML,,,7-Jun-18,37SDA0247555727,
Manbij,Cross DML,,,7-Jun-18,37SDA0247555727,
Manbij,Cross DML,,,7-Jun-18,37SDA0995654072,
Manbij,Cross DML,,,7-Jun-18,37SDA1681655799,
Manbij,Cross FLOT,,,7-Jun-18,37S DA 01673 20539,
Raqqah,Cache,Mortar,,7-Jun-18,37SDV9913978283,
Suwar,Attack,SAF,,7-Jun-18,37SFV3419325049,
Suwar,IED,IED,,7-Jun-18,37SFV 4920628519,
Raqqah,IED,IED,,8-Jun-18,,
Dayr az Zawr,Attack,Ambush,,9-Jun-18,37SFU 46567 63220,
Manbij,Cross DML,,,9-Jun-18,37SDA0727253659,
Manbij,Cross DML,,,9-Jun-18,37SDA0901454658,
Manbij,IED,Explosion,,9-Jun-18,37S DA  05213 42584,
Manbij,IED,Explosion,,9-Jun-18,37S DA 05926 43040,
Raqqah,IED,IED,,9-Jun-18,37SDV9968978003,
Raqqah,IED,ERW Explosion,,9-Jun-18,37SDV7462879271,
Hajin,IED,RCIED,,10-Jun-18,37SFU5734850314,
Manbij,Cross DML,,,10-Jun-18,37SDA 0432455808,
Manbij City,IED,IED ,,10-Jun-18,37SDA0521342584,
Manbij City,IED,IED,,10-Jun-18,37SDA0573942942,
Mayadin,IED,VBIED,,10-Jun-18,37SFU3496181396,
Raqqah,IED,IED,,10-Jun-18,37SEV0098678981,
Ayn Issa,Attack,Ambush,,11-Jun-18,37SDV9878099757,
Hajin,Attack,SAF,,11-Jun-18,37SFU6465245209,
Manbij,Cross DML,,,11-Jun-18,37SCA 83500 41000,
Mayadin,Attack,SAF,,11-Jun-18,37SFU3496181396,
Raqqah,Attack,SAF,,11-Jun-18,37SEA0100903442,
Raqqah,Attack,SAF,,11-Jun-18,37SEV0307799892,
Manbij,Cross DML,,,12-Jun-18,37SCA8085934009,
Manbij,Cross DML,,,12-Jun-18,,37SEV0085779010
Manbij,Cross FLOT,,,12-Jun-18,37S DA 10022 16509,
Tall Aswad,Cross DML,,,12-Jun-18,37SDA0888317152,
Manbij,Cross DML,,,13-Jun-18,37SCA9905255594,
Manbij,IED,IED,,13-Jun-18,37SDA0424542365,
Manbij City,IED,IED,,13-Jun-18,37SDA0424542365,
Manbij,Cross DML,,,14-Jun-18,37SCA9502956238,
Manbij,Cross DML,,,14-Jun-18,37SCA9311654917,
Manbij,Cross DML,,,14-Jun-18,,37SEV0085779010
Manbij,Cross DML,,,14-Jun-18,,37SEV0085779010
Manbij,Cross DML,,,14-Jun-18,37SCA9439555977,
Manbij,Cross DML,,,14-Jun-18,37SCA8878049545,
Manbij,Cross DML,,,14-Jun-18,37SCA9218853512,
Manbij,IED,,,14-Jun-18,37SDA0393142218,
Manbij,IED,IED,,14-Jun-18,37SDA0526142694,
Manbij,IED,IED,,14-Jun-18,37SCA7799440430,
Manbij,Cross DML,,,15-Jun-18,37SCA8865548117,
Manbij,IED,Attempted,,15-Jun-18,37SDA1570856236,
Manbij,Cross DML,,,16-Jun-18,37SDA0643754342 ,
Manbij,Cross DML,,,16-Jun-18,,37SEV0085779010
Manbij,Cross DML,,,16-Jun-18,37SDA1305453902 ,
Manbij,Cross DML,,,16-Jun-18,37SDA1209153677,
Manbij,Cross DML,,,16-Jun-18,37SDA0872655266,
Manbij,Cross DML,,,16-Jun-18,37SDA1200054433,
Mayadin,Attack,Motorcycle Attack,,17-Jun-18,37SFU3242883603,
Raqqah,IED,IED,,17-Jun-18,37SEC0167179794,
Raqqah,IED,RCIED,,18-Jun-18,37SEV0389498436,
Manbij,Cross DML,,,20-Jun-18,37SDA0315556273,
Manbij,Cross DML,,,20-Jun-18,37SDA0292655574,
Manbij,IED,IED,,20-Jun-18,37SDA0762241623 ,
Manbij,IED,IED,,20-Jun-18,37SDA0757641615,
Manbij City,IED,IED,,20-Jun-18,37SDA0757641615,
Raqqah,Attack,SAF,,20-Jun-18,37SEV0032379581,
Manbij,Cross DML,,,21-Jun-18,37SDA0886554491,
Manbij,Cross DML,,,21-Jun-18,,37SEV0085779010
Manbij,Cross DML,,,21-Jun-18,37SDA 0439 5650,
Raqqah,IED,IED,,21-Jun-18,,
Raqqah,Civil disturbance,Protest,,21-Jun-18,37SEV0364578695,
Tabqah,Civil disturbance,Protest,,21-Jun-18,37SDV7709665986,
Manbij,Cross DML,,,22-Jun-18,37S DA 08820 55290,
manbij,Cross DML,,,22-Jun-18,,
manbij,Cross DML,,,23-Jun-18,37S CA 93102 54908,
manbij,Cross DML,,,24-Jun-18,37S CA 85573 43216,
manbij,Cross DML,,,24-Jun-18,37S CA 90372 45612,
manbij,Cross DML,,,24-Jun-18,37SCA8877649536,
Raqqah,Attack,Molotov Cocktail,,26-Jun-18,37SDV9864078727,
raqqah,IED,IED,,27-Jun-18,37SDV9890679126,
Hasakah,IED,IED,,30-Jun-18,37SFA5652641083,
Manbij,Attack,Infighting ,,30-Jun-18,37SDA0012061249,
Qamishli ,Patrol,,,30-Jun-18,37SEA9555478336,
Raqqah,IED,IED,,30-Jun-18,,
Manbij,Cross DML,,,1-Jul-18,37SDA0867954141,
Manbij,Cross DML,,,1-Jul-18,,37SEV0085779010
Manbij,Cross DML,,,1-Jul-18,37SCA9437455957,
Manbij,Cross DML,,,1-Jul-18,,37SEV0085779010
Dayr az Zawr,Attack,SAF,,2-Jul-18,37SFU3257494577,
Manbij,Cross DML,,,2-Jul-18,37SDA1209153677,
Manbij,Cross DML,,,2-Jul-18,,37SEV0085779010
Manbij,Cross DML,,,2-Jul-18,37SDA0995654072,
Manbij,Cross DML,,,2-Jul-18,,37SEV0085779010
Manbij,Cross DML,,,2-Jul-18,,37SEV0085779010
Manbij,Cross DML,,,2-Jul-18,37SDA0901454658,
Manbij,Cross DML,,,2-Jul-18,37SDA0867255285,
Manbij,Attack,SAF,,4-Jul-18,37SCA89352 46448,
Manbij,IED,Explosion,,4-Jul-18,,37SEV0085779010
Raqqah,IED,Explosion,,4-Jul-18,37SEV0256077901,
Suwar,IED,IED,,4-Jul-18,37SFV 48875 22853,
Suwar,IED,IED,,4-Jul-18,,
Manbij,Cross DML,,,5-Jul-18,37SCA9904555577,
Manbij,Cross DML,,,5-Jul-18,37SCA8877649536,
Manbij,IED,IED,,5-Jul-18,37SDA2184847138,
Manbij,Attack,Infighting ,,5-Jul-18,37SDA0404560329,
Raqqah,IED,IED,,5-Jul-18,37SDV9999078675,
Raqqah,IED,IED,,5-Jul-18,37SDV9977979493,
Dayr az Zawr,IED,VBIED,,6-Jul-18,37SFU3016091440,
Manbij,Attack,Infighting ,,6-Jul-18,37SCA9187055781,
Raqqah,IED,IED,,7-Jul-18,37S EV 01665 77041,
Suluk,IED,IED,,7-Jul-18,37S EA 07680 43095,
Baghuz,IDF,,,9-Jul-18,37S FU 87678 23167,
Manbij,Cross DML,,,10-Jul-18,37SCA8999151838,
Manbij,Cross DML,,,10-Jul-18,,37SEV0085779010
Manbij,Cross DML,,,10-Jul-18,,37SEV0085779010
Manbij,Cross DML,,,10-Jul-18,37SCA8941450944,
manbij,Cross DML,,,10-Jul-18,37S CA 98209 56172,
manbij,Cross DML,,,11-Jul-18,37S CA 79944 41630,
Manbij,Cross DML,,,11-Jul-18,37SCA9904555577,
manbij,Cross DML,,,11-Jul-18,37S DA 100095 54980,
Manbij,Attack,Infighting ,,11-Jul-18,,
manbij ,Cross DML,,,11-Jul-18,"37SDA0901354651
",
manbij ,Cross DML,,,11-Jul-18,,37SEV0085779010
Raqqah,IED,Explosion,,11-Jul-18,37SDV9978077558,
Tabqah,IED,IED,,12-Jul-18,37SDA7657266824,
Manbij,Cross DML,,,13-Jul-18,37SDA0292655574,
Raqqah,IED,Explosion,,13-Jul-18,,
Manbij,Cross DML,,,14-Jul-18,37SDA 09014 54658,
Manbij,Cross DML,,,14-Jul-18,37SCA9219553510,
Manbij,Cross DML,,,14-Jul-18,,37SEV0085779010
Raqqah,IED,IED,,14-Jul-18,37S EV 00678 79093,
Dayr az Zawr,IED,IED,,15-Jul-18,37SFV1238416348,
Manbij,Cross DML,,,15-Jul-18,37S CA 93520 55538,
Manbij,Cross DML,,,15-Jul-18,,37SCA 90889 55877
Manbij,Cross FLOT,,,15-Jul-18,37S CA 93448 25287,
Raqqah,Attack,SAF,,15-Jul-18,37SEV0059077148,
Raqqah,Attack,Molotov Cocktail,,15-Jul-18,37S EV 12688 75980,
Manbij,Cross DML,,,16-Jul-18,37S CA 93520 55538,
Manbij,Cross DML,,,16-Jul-18,,37SCA 90889 55877
Zur (KRV),Attack,SAF,,16-Jul-18,37SFU 3038788679,
Dayr az Zawr,IED,IED,,17-Jul-18,37S FV 15750 18540,
Manbij,Cross DML,,,17-Jul-18,37SCA 90889 55877,
Raqqah,IED,IED,,17-Jul-18,37SDA0705243004,
Manbij,Cross DML,,,18-Jul-18,37SDA0872755422,
Manbij City,IED,IED,,18-Jul-18,37SDA0857443255,
Raqqah,IED,IED,,18-Jul-18,37SDA9888979051,
Manbij,Cross FLOT,,,20-Jul-18,37S CA 89919 32114,
Raqqah,Attack,SAF,,20-Jul-18,37SDV9365079980,
Manbij,IED,IED,,21-Jul-18,37SDA0557042800,
Raqqah,IED,IED,,21-Jul-18,,
Dayr az Zawr,Assassination,Silencer Used,,22-Jul-18,37SFU 3646582412,
manbij,Attack,SAF,,23-Jul-18,37SDA0716540735,
Manbij,Cross DML,,,23-Jul-18,37SCA8988953282 ,
Manbij,Cross DML,,,23-Jul-18,37S CA 88776 49536,
Manbij,IED,IED,,23-Jul-18,37SDA07166 40689,
Manbij,Cross DML,,,24-Jul-18,37S CA 89991 51838,
Manbij,Cross DML,,,24-Jul-18,37S CA 92195 53510,
Manbij,Cross DML,,,24-Jul-18,37S CA 93520 55538,
Manbij,Cross DML,,,25-Jul-18,37SDA0029855452,
Manbij,Cross DML,,,25-Jul-18,,37SEV0085779010
Manbij,Attack,Infighting ,,25-Jul-18,37S DA 03720 55020,
Raqqah,IED,IED,,25-Jul-18,37SEV0075978834,
Raqqah,Reconnaissance,,,25-Jul-18,37SDV7622079338,
Shaddadi,IED,IED,,25-Jul-18,37SFV5566991603,
Suwar,Attack,SAF,,25-Jul-18,37SFV4907023046,
Ratlah,IED,IED,,26-Jul-18,37SEV0602170228,
Manbij,IED,IED,,28-Jul-18,37SCA8335841411,
Manbij,IED,ERW - Friendly,,28-Jul-18,37SCA8335841411,
Raqqah,IED,IED,,28-Jul-18,37S DV 99404 79128,
Raqqah,IED,IED,,28-Jul-18,37S EV 03388 77685,
Raqqah,IED,IED,,28-Jul-18,37S EV 23815 70615,
Baghuz,Attack,ATGM,,29-Jul-18,37SFU 81860 13601,
Manbij,Cross DML,,,29-Jul-18,37SDA1427254845,
Manbij,Cross DML,,,30-Jul-18,37SCA 88553 51923,
Manbij,Cross DML,,,30-Jul-18,37SCA 99932 56306 ,
Manbij,Cross DML,,,31-Jul-18,37SDA0028155459,
Manbij,Cross DML,,,31-Jul-18,,37SEV0085779010
Manbij,Cross DML,,,31-Jul-18,,37SEV0085779010
Manbij,Cross DML,,,31-Jul-18,37SCA8087234019,
Manbij,Cross DML,,,31-Jul-18,37SDA1384154320,
Manbij,Cross DML,,,31-Jul-18,,37SEV0085779010
Manbij,Cross DML,,,1-Aug-18,37SCA9817951059,
Manbij,Cross DML,,,2-Aug-18,37SCA9095851777,
Manbij,Cross DML,,,2-Aug-18,,37SEV0085779010
Manbij,Cross DML,,,2-Aug-18,37SCA8349441051,
Manbij,Cross DML,,,3-Aug-18,37SCA8877649536,
Manbij,Cross DML,,,3-Aug-18,,37SEV0085779010
Manbij,Cross DML,,,3-Aug-18,,37SEV0085779010
Manbij,Cross DML,,,3-Aug-18,37SCA9095851777 ,
Manbij,Cross DML,,,3-Aug-18,37SCA8087234019,
Manbij,Cross DML,,,3-Aug-18,,37SEV0085779010
Manbij,Cross DML,,,4-Aug-18,37SCA8962351288,
Manbij,Cross DML,,,4-Aug-18,,37SEV0085779010
Raqqah,IED,"Chemical, Found",,4-Aug-18,37SEV0120478304,
Manbij,Cross DML,,,5-Aug-18,37SCA8368441133,
Manbij,Cross DML,,,5-Aug-18,,37SEV0085779010
Manbij,Cross DML,,,5-Aug-18,,37SEV0085779010
Manbij,Cross DML,,,5-Aug-18,37SCA8861948960,
Manbij,Cross DML,,,5-Aug-18,37SCA9601456797,
Manbij,Cross DML,,,5-Aug-18,,37SEV0085779010
Manbij,Cross DML,,,5-Aug-18,,37SEV0085779010
Manbij,Cross DML,,,5-Aug-18,37SDA0028155459,
Manbij,Cross DML,,,5-Aug-18,37SDA0533354495,
Manbij,Cross DML,,,5-Aug-18,,37SEV0085779010
Shaddadi,IED,IED,,5-Aug-18,37SFV5018398268,
Manbij,Cross DML,,,6-Aug-18,37SCA9903555615,
Manbij,Cross DML,,,6-Aug-18,,37SEV0085779010
Manbij,Cross DML,,,7-Aug-18,37SDA1523455274,
Manbij,IED,IED,,7-Aug-18,37SDA0656742714,
Raqqah,Reconnaissance,,,7-Aug-18,37SDV9517879127,
Manbij,Cross DML,,,7-Aug-18,,37SEV0085779010
Manbij,Cross DML,,,8-Aug-18,37SDA0028155459,
Manbij,Cross DML,,,8-Aug-18,,37SEV0085779010
Manbij,Cross DML,,,8-Aug-18,37SDA1591755706,
Manbij,Cross DML,,,8-Aug-18,,37SEV0085779010
Manbij,Cross DML,,,9-Aug-18,37SDA0901454658,
Manbij,Cross DML,,,9-Aug-18,,37SEV0085779010
Manbij,IED,IED,,11-Aug-18,37SDA0771243136,
Manbij,IED,IED,,11-Aug-18,37SDA0390742229,
Manbij,Attack,Infighting ,,11-Aug-18,37SCA 88877 59798,
Raqqah,IED,IED,,11-Aug-18,37S DV 77260 79424,
Dayr az Zawr,IED,IED,,13-Aug-18,37S FU 364 875,
Manbij,Cross DML,,,13-Aug-18,37SDA0028155459,
Manbij,IED,VBIED,,13-Aug-18,37SDA0757343143,
Raqqah,IED,IED,,13-Aug-18,,
Manbij,Cross DML,,,14-Aug-18,37SDA0029855450,
Manbij,Cross DML,,,14-Aug-18,,37SEV0085779010
Manbij,Cross DML,,,14-Aug-18,,37SEV0085779010
Manbij,Cross DML,,,14-Aug-18,37SCA9439155991,
Manbij,Cross DML,,,14-Aug-18,37SCA9218253526,
Manbij,Cross DML,,,14-Aug-18,,37SEV0085779010
Raqqah,Assassination,,,14-Aug-18,37S EV 01186 78009,
Raqqah,Attack,SAF,,14-Aug-18,37S EV 05180 70555,
Manbij,Cross DML,,,15-Aug-18,"37SCA9310254908
",
Manbij,Cross DML,,,15-Aug-18,,37SEV0085779010
Manbij,Cross DML,,,15-Aug-18,,37SEV0085779010
Manbij,Cross DML,,,15-Aug-18,37SCA9437455957,
Manbij,Cross DML,,,15-Aug-18,"37SCA8035440780
",
Manbij,Cross DML,,,15-Aug-18,,37SEV0085779010
Manbij,IED,IED,,15-Aug-18,37SDA0530143392,
Manbij,Cross DML,,,16-Aug-18,"37SCA7905437440
",
Manbij,Cross DML,,,16-Aug-18,,37SEV0085779010
Manbij,IED,IED Emplacement,,16-Aug-18,37S DA 12001 54825 ,
Manbij,Cross DML,,,17-Aug-18,"37SCA8862448948
",
Manbij,Cross DML,,,17-Aug-18,,37SEV0085779010
Mayadin,IDF,,,17-Aug-18,37S FU 38210 79420,
Raqqah,IED,IED,,18-Aug-18,37S DV 99540 78984,
Manbij,TSO Engage Civilians,,,19-Aug-18,37SDA031562,
Raqqah,Attack,Grenade,,19-Aug-18,37S EV 00013 77550,
Tal Ar Rafi (Manbij),Attack,SAF,,19-Aug-18,37SDA1001948407,
Manbij,Cross DML,,,20-Aug-18,37SCA7932536876,
Manbij,Cross DML,,,20-Aug-18,,37SEV0085779010
Manbij,Cross DML,,,20-Aug-18,,37SEV0085779010
Manbij,Cross DML,,,20-Aug-18,37SCA8056834304,
Manbij,IED,IED,,20-Aug-18,37SDA0440242380,
Manbij,TSO Engage Civilians,,,20-Aug-18,37S DA 02931 55633,
Raqqah,IED,IED,,20-Aug-18,37S DV 99798 79570,
Raqqah,IED,MAIED,,20-Aug-18,37SEV0198677652,
Tal Ar Rafi (Manbij),Attack,SAF,,20-Aug-18,37SDA1001948407,
Dayr az Zawr,Attack,SAF,,21-Aug-18,,
Mayadin,IDF,,,21-Aug-18,37SFU4034479444,
Raqqah,Civil Disturbance,Tribal Feud,,21-Aug-18,37S DV 82170 89390,
Dayr az Zawr,IED,IED,,23-Aug-18,37SFU 298 961,
Manbij,Cross DML,,,23-Aug-18,37SCA8999151838,
Manbij,Attack,Infighting ,,23-Aug-18,37SCA8999151838,
Raqqah,Crime,Theft of Uniforms,,23-Aug-18,,
Dayr az Zawr,IED,VBIED Threat,,24-Aug-18,37SFV 243 005,
Manbij,Cross DML,,,24-Aug-18,,
Manbij,Attack,Infighting ,,25-Aug-18,37SCA9218756518,
Manbij,Cross DML,,,26-Aug-18,37SCA9723757402,
Manbij,Cross DML,,,26-Aug-18,37SCA8191039664,
Manbij,Attack,SAF,,27-Aug-18,37SDA0246055729,
Manbij,Cross DML,,,27-Aug-18,"37SCA9437455957
",
Manbij,Cross DML,,,27-Aug-18,,37SEV0085779010
Manbij,Cross DML,,,27-Aug-18,,37SEV0085779010
Manbij,Cross DML,,,27-Aug-18,"37SCA8096034317
",
Manbij,Cross DML,TSO vs Civilians,,27-Aug-18,37SDA0246055729,
Raqqah,IED,IED,,27-Aug-18,37S DV 77230 79431,
Raqqah,IED,IED,,27-Aug-18,,
Manbij,Cross DML,,,28-Aug-18,"37SCA87784847364
",
Manbij,Cross DML,,,28-Aug-18,,37SEV0085779010
Manbij,Cross DML,,,28-Aug-18,,37SEV0085779010
Manbij,Cross DML,,,28-Aug-18,"37SCA87784847364
",
Manbij,Attack,Infighting ,,28-Aug-18,37SCA8989653235,
Al Qaim,IED,VBIED,,29-Aug-18,37SFU9505303108,
Manbij,IED,MAIED,,30-Aug-18,37SDA0420042653,
Manbij City,IED,IED,,30-Aug-18,37SDA0425842660,
Raqqah,Assassination,,,30-Aug-18,37SDV9862978436,
Raqqah,IED,DFC IED,,30-Aug-18,37SEV0108179422,
Tabqah,Attack,SAF,,30-Aug-18,37SDV61446778,
Tabqah,Attack,Ambush,,30-Aug-18,37SDV6929863402,
Manbij,IED,VBIED,,1-Sep-18,37 SDA 0538043121,
Manbij City,IED,IED,,1-Sep-18,37SDA0585642903,
Manbij City,IED,IED,,1-Sep-18,37SDA0537443130 ,
Hajin,Reconnaissance,UAS,,2-Sep-18,37S FU 64478 46006 ,
Manbij,Cross DML,,,2-Sep-18,37 SCA 7932536876,
Manbij,Cross DML,,,2-Sep-18,,37SEV0085779010
Manbij,Cross DML,,,2-Sep-18,,37SEV0085779010
Manbij,Cross DML,,,2-Sep-18,"37SCA9352055538
",
Manbij,Cross DML,,,2-Sep-18,37SCA9219553510,
Manbij,Cross DML,,,2-Sep-18,,37SEV0085779010
Manbij,Cross DML,,,2-Sep-18,,37SEV0085779010
Manbij,Cross DML,,,2-Sep-18,37SCA9172952810,
Manbij,IED,IED,,2-Sep-18,37SDA0595842136,
Manbij ,Cross DML,,,2-Sep-18,37 SCA 00294 55475,
Manbij ,Cross DML,,,2-Sep-18,,37SEV0085779010
Manbij City,IED,IED,,2-Sep-18,37SDA0596042132,
Raqqah,IED,IED,,2-Sep-18,37SEV0058579269,
Manbij,Cross DML,,,3-Sep-18,37 SCA 93520 55538,
Manbij,Cross DML,,,3-Sep-18,,37SEV0085779010
Tabqah,IED,IED,,3-Sep-18,37SDV57586632,
Tabqah,IED,IED,,3-Sep-18,37SDV61407309,
Manbij,IED,IED,,4-Sep-18,37 SDA 0508442284,
Manbij City,IED,IED,,4-Sep-18,37S DA 07723 43328,
Raqqah,Assassination,,,4-Sep-18,37S DV 99762 77734,
Raqqah,Assassination,,,4-Sep-18,37S DV 99741 79613,
Raqqah,IED,IED,,4-Sep-18,37 SEV 19414 71513,
Manbij,Cross DML,,,5-Sep-18,37 SCA 79329 36904,
Manbij,Cross DML,,,5-Sep-18,,37SEV0085779010
Manbij City,IED,IED,,5-Sep-18,37SDA0495342280,
Baghdad,IDF,,,7-Sep-18,,
Basrah,Civil Disturbance,Riot,,7-Sep-18,,
Hajin,IED,HBIED,,7-Sep-18,37 SFU 66000 45700 ,
Manbij,Cross DML,,,7-Sep-18,"37SCA7932936904 
",
Manbij,Cross DML,,,7-Sep-18,,37SEV0085779010
Manbij City,IED,IED,,7-Sep-18,37 SDA 0571842772,
Tabqah,Attack,SAF,,7-Sep-18,,
Baghdad,IDF,,,8-Sep-18,38 SMB 4142 8411,
Basrah,IDF,,,8-Sep-18,38 RQU 55710 83632,
Dayr az Zawr,Cross DML,,,8-Sep-18,"37S FV 21825 00388

",
Dayr az Zawr,Cross DML,,,8-Sep-18,"37S FV 22430 00431
",
Manbij,Cross DML,,,8-Sep-18,37 SDA 04740 55229,
Manbij,Cross DML,,,8-Sep-18,,37SEV0085779010
Qamishli ,Attack,SAF,,8-Sep-18,,
Manbij,IED,IED,,10-Sep-18,"37SDA1463417405
",
Manbij,IED,IED,,10-Sep-18,37SDA1463417405,
Manbij,IED,IED,,10-Sep-18, 37SDA0572142770,
Manbij,IED,IED,,12-Sep-18,37SDA0573342735,
Manbij,IED,IED,,12-Sep-18,37SDA0578742759,
Manbij,IED,IED,,13-Sep-18,37SDA0546341467,
Al Qaim,IED,IED,,14-Sep-18,37SFU 89648 05750,
Manbij,IED,IED,,14-Sep-18,"37SDA0599542974
",
Manbij,IED,IED,,14-Sep-18,37SDA0603242972,
Manbij,IED,IED,,14-Sep-18,37 SDA 0603242972,
MERV,IED,IED,,14-Sep-18,37S FU 8188 4155,
Manbij,Cross DML,,,15-Sep-18,37 SCA 83642 32715 ,
Manbij,Cross DML,,,15-Sep-18,37SCA8410332678,
Manbij,Cross DML,,,15-Sep-18,,37SEV0085779010
Manbij,Cross DML,,,15-Sep-18,37SCA8720932479,
Manbij,Cross DML,,,15-Sep-18,,37SEV0085779010
Manbij,Cross DML,,,15-Sep-18,37SCA 83284 34313,
Manbij,Cross DML,,,15-Sep-18,37SCA 83284 34313,
Manbij,Cross DML,,,15-Sep-18,,37SEV0085779010
Manbij,Cross DML,,,15-Sep-18,37 SCA 80872 34019,
Manbij,Cross DML,,,15-Sep-18,,37SEV0085779010
Raqqah,Assassination,,,16-Sep-18,37SEV0167579181,
Raqqah,IED,IED,,16-Sep-18,37SDV9944379021,
Raqqah,IED,IED,,18-Sep-18,37 SDV 99789 79572,
Raqqah,IED,IED,,18-Sep-18,37 SEV 01487 77911,
Manbij,Cross DML,,,19-Sep-18,37 SDA 06041 54542,
Manbij,Cross DML,,,19-Sep-18,,37SEV0085779010
Manbij,Cross DML,,,19-Sep-18,,37SEV0085779010
Manbij,Cross DML,,,19-Sep-18,37 SCA 94374 55957,
Raqqah,IED,IED,,19-Sep-18,37 SEV 00361 79570,
Manbij,Cross DML,,,20-Sep-18,37 SCA 79308 36921,
Manbij,Cross DML,,,20-Sep-18,,37SEV0085779010
Manbij,Cross DML,,,20-Sep-18,37 SCA 83646 32713,
Manbij,Cross DML,,,20-Sep-18,,37SEV0085779010
Manbij,IED,IED,,20-Sep-18,37 SDA 07725 43328,
Manbij City,IED,IED,,20-Sep-18,37SDA0775543494,
Manbij,Cross DML,,,21-Sep-18,37 SDA 02460 55729,
Manbij,Cross FLOT,,,21-Sep-18,37 SCA 98610 21934,
Suwar,Assassination,,,21-Sep-18,IVO Suwar,
Manbij,Cross DML,,,22-Sep-18,37 SCA 80786 34664,
Manbij,Cross DML,,,22-Sep-18,,37SEV0085779010
Manbij,Cross DML,,,23-Sep-18,37 SCA 79326 37061,
Manbij,Cross DML,,,23-Sep-18,,37SEV0085779010
Manbij,IED,Attempted,,23-Sep-18,37 SDA 04372 42354,
Manbij City,IED,IED,,23-Sep-18,37SDA0437242354,
MERV,IDF,,,23-Sep-18,37S FU 667 424,
Raqqah,Assassination,,,23-Sep-18,37 SDV 88650 79447,
Manbij,IED,Attempted,,24-Sep-18,southern Manbij FLOT,
Raqqah,Assassination,,,24-Sep-18,37S EV 01584 77717,
Basrah,IDF,,,25-Sep-18,38 RQU 55070 84440,
Manbij,Cross DML,,,25-Sep-18,37 S CA 83764 32752,
Manbij,Cross DML,,,25-Sep-18,,37SEV0085779010
Manbij,Cross DML,,,25-Sep-18,,37SEV0085779010
Manbij,Cross DML,,,25-Sep-18,37 S CA 94374 55957,
MERV,Cross FLOT,,,25-Sep-18,37 SFU 75506 13369,
Manbij,Cross DML,,,26-Sep-18,37 S CA 04323 55821,
Manbij,Cross DML,,,26-Sep-18,37 S DA 06411 54236,
Manbij,Cross DML,,,26-Sep-18,,37SEV0085779010
Manbij,Cross DML,,,26-Sep-18,37 SDA 04729 55230,
Manbij,Cross DML,,,26-Sep-18,37 SDA 04729 55230,
Manbij,Cross DML,,,26-Sep-18,,37SEV0085779010
Manbij,Cross DML,,,26-Sep-18,,37SEV0085779010
Manbij,Cross DML,,,26-Sep-18,37 S CA 91729 52810,
Manbij,Cross DML,,,26-Sep-18,,37SEV0085779010
Bashrah,IDF,,,27-Sep-18,38 RQU 6100 9180,
Manbij,Cross DML,,,27-Sep-18,37 S CA 92159 53526,
Manbij,Cross DML,,,27-Sep-18,,37SEV0085779010
Manbij,Cross DML,,,27-Sep-18,,37SEV0085779010
Manbij,Cross DML,,,27-Sep-18,37 SCA 95028 56242,
Manbij,Cross DML,,,27-Sep-18,37 S DA 04729 55230,
Raqqah,IED,IED,,27-Sep-18,37 S DV 98733 78365,
Raqqah,IED,IED,,27-Sep-18,37 S DV 896 855,
Manbij,Cross FLOT,,,28-Sep-18,37 S DA 01736 20462,
Manbij,Cross DML,,,29-Sep-18,37SDA0760841611,
Manbij,IED,IED,,29-Sep-18,37 S DA 07755 43512,
Manbij,IED,IED,,29-Sep-18,37SDA0890843248,
Manbij,IED,IED,,29-Sep-18,37SDA0760841611,
Raqqah,Assassination,,,29-Sep-18,37S DV 98283 78786,
Raqqah,Assassination,,,29-Sep-18,IVO 37 SDV 77989 75096,
Raqqah,Attack,SAF,,29-Sep-18,37 S DV 99395 78753,
Suwar,IED,Attempted,,29-Sep-18,37 S DA 08908 43248,
Umm Julud,Cross DML,,,29-Sep-18,37SCA9200553293,
Manbij,Cross DML,,,30-Sep-18,37 S DA 05333 54495,
MERV,Missile launch,TBM,,30-Sep-18,37 SFU 67946 38627,
Tabqah,Assassination,,,30-Sep-18,IVO 37SDV5872765584,
Manbij,Cross DML,,,1-Oct-18,37 SCA 83609 32665,
Manbij,Cross DML,,,1-Oct-18,,37SEV0085779010
Manbij,Cross DML,,,2-Oct-18,37 S DA 06437 54345,
Manbij,Cross DML,,,3-Oct-18,37 S CA 80765 33943,
Manbij ,IED,IED,,3-Oct-18,37 S DA 03799 41835,
Ayn Issa,IED,IED,,4-Oct-18,37 S EA 18626 28393,
Manbij,IED,IED,,4-Oct-18,37 S DA 25515 18142,
Shaddadi,IED,Attempted,,4-Oct-18,37 S FV 6531365341,
Manbij,Cross DML,,,5-Oct-18,37 SCA 95038 56245,
MERV,IDF,,,5-Oct-18,37SFU64343 45999,
MERV,IDF,,,5-Oct-18,37SFU 6447645999,
Tal Abyad,Cross Border,,,5-Oct-18,37SDA7203465005,
Manbij,Cross FLOT,,,6-Oct-18,37 S CA 95064 24563,
Jurniah,IED,IED,,7-Oct-18,IVO Jurniah,
MERV,Cross DML,,,7-Oct-18,37 S FU 82031 17544,
Raqqah,IED,IED,,7-Oct-18,37 S DV 96647 82016,
Manbij,Cross DML,,,8-Oct-18,37 S CA 82710 41061,
Manbij,Cross DML,,,8-Oct-18,,37SEV0085779010
Tal Abyad,Cross Border,,,8-Oct-18,37SEA5138362191,
Manbij,Cross FLOT,,,9-Oct-18,37 S CA 91182 30369,
Manbij,Cross FLOT,,,9-Oct-18,,37SEV0085779010
Raqqah,IED,IED,,9-Oct-18,37S EV0086980024,
Manbij,IED,IED,,10-Oct-18,37 S DA 04319 42371,
Dayr az Zawr,Cross FLOT,,,11-Oct-18,37 SFV 11215 14012,
Manbij,Cross DML,,,11-Oct-18,37 SDA 04743 55236,
Manbij,Cross DML,,,11-Oct-18,,37SEV0085779010
Manbij,Cross DML,,,11-Oct-18,,37SEV0085779010
Manbij,Cross DML,,,11-Oct-18,37SDA0371455034,
MERV,Attack,SAF,,11-Oct-18,37SFU 91671 30306,
MERV,Attack,SAF,,11-Oct-18,37SFU 91671 30306,
MERV,Attack,SAF,,11-Oct-18,37 SFU 83128 15906,
Tabqah,IED,IED,,11-Oct-18,37SDV5853565165,
Jurniah,IED,IED,,12-Oct-18,37SDV5942185896,
Kobane,Cross Border,,,12-Oct-18,37SDA3625283890,
Shaddadi,IED,IED,,12-Oct-18,37 SFV 55977 91362,
Manbij,Cross DML,,,13-Oct-18,37 S CA 96793 56732,
Manbij,Cross DML,,,13-Oct-18,,37SEV0085779010
Manbij,Cross DML,,,13-Oct-18,,37SEV0085779010
Manbij,Cross DML,,,13-Oct-18,37 S CA 98209 56172,
MERV,Attack,Grenade,,14-Oct-18,37 SFU 64411 45996,
Shaddadi,IED,Attempted,,14-Oct-18,37 SFV 56164 89391,
Kobane,Cross Border,,,15-Oct-18,37SDA5688478557,
Manbij,Cross DML,,,15-Oct-18,37 S CA 79325 36876,
Manbij,Cross DML,,,15-Oct-18,,37SEV0085779010
Manbij,Cross DML,,,15-Oct-18,37 S CA 79054 37440,
Manbij,Cross DML,,,15-Oct-18,37 SCA 79325 36876,
Manbij,Cross DML,,,15-Oct-18,,37SEV0085779010
Manbij,Cross DML,,,15-Oct-18,37 SCA 79325 36876,
Manbij,Cross DML,,,15-Oct-18,,37SEV0085779010
Manbij ,Cross DML,,,16-Oct-18,37 SCA 7920637213,
Manbij ,Cross DML,,,16-Oct-18,,37SEV0085779010
Raqqah,Attack,Poss Grenade,,16-Oct-18,37 SDV 94355 78878,
Shaddadi,IED,Attempted,,16-Oct-18,,
Manbij,Cross DML,,,17-Oct-18,37 SCA 78229 40113,
Manbij,Cross DML,,,17-Oct-18,,37SEV0085779010
Raqqah,IED,IED,,17-Oct-18,37SEV04327122,
Kobane,Cross Border,,,18-Oct-18,37SDA1358778636,
Shaddadi,IED,IED,,18-Oct-18,37 SFV 54668 89855,
Shaddadi,Jamming,,,18-Oct-18,37 SFV 5538 9094,
Tabqah,IED,Attempted,,18-Oct-18,37SDV80597859,
Manbij,Cross FLOT,,,19-Oct-18,37 S DA 04766 19192,
Manbij,Cross FLOT,,,19-Oct-18,,37SEV0085779010
Raqqah,Assassination,,,19-Oct-18,37SEV0292271001,
Manbij,Cross DML,,,20-Oct-18,37 SCA 91711 52823,
Manbij,Cross DML,,,20-Oct-18,,37SEV0085779010
Manbij,Cross DML,,,21-Oct-18,37 S CA 921295 53510,
Manbij,Cross DML,,,21-Oct-18,,37SEV0085779010
Manbij,Cross DML,,,21-Oct-18,,37SEV0085779010
Manbij,Cross DML,,,21-Oct-18,37SCA9173152815,
Manbij,Cross DML,,,21-Oct-18,37 S CA 93102 54908,
Manbij,Cross DML,,,21-Oct-18,,37SEV0085779010
Manbij,IED,IED,,21-Oct-18,37 S CA 95956 25802,
Raqqah,IED,IED,,21-Oct-18,37 S DV 99469 79767,
Kobane,Cross Border,,,22-Oct-18,37SDA1402576882,
Hasakah,IED,IED,,23-Oct-18,37 S FA 41763 50645,
Manbij,IED,IED,,23-Oct-18,37 S CA 93664 30306,
Manbij,Cross DML,,,24-Oct-18,37 S CA 80357 40792,
Manbij,Cross DML,,,24-Oct-18,,37SEV0085779010
Manbij,Cross DML,,,24-Oct-18,37 S CA 79517 52810,
Manbij,Cross DML,,,24-Oct-18,37 S DA 04618 55562,
Manbij,Cross DML,,,25-Oct-18,37 S CA 93520 55538,
Manbij,Cross DML,,,25-Oct-18,,37SEV0085779010
Manbij,Cross DML,,,26-Oct-18,37 S CA 78134 40013,
Manbij,Cross DML,,,26-Oct-18,,37SEV0085779010
Raqqah,Attack,Grenade,,26-Oct-18,37SEV0088579009,
Green Village,IED,IED,,27-Oct-18,37S FU 36629 87500,
Jarabulus,Cross Border,,,28-Oct-18,37SDA1447375813,
Jarabulus,Cross Border,,,28-Oct-18,37SDA1460475406,
Jarabulus,Cross Border,,,28-Oct-18,37SDA1428676118,
Kobane,Cross Border,,,28-Oct-18,37 SDA 25657 83356,
Manbij,Cross DML,,,28-Oct-18,37 SCA 78223 40111,
Manbij,Cross DML,,,28-Oct-18,,37SEV0085779010
Manbij,Cross DML,,,28-Oct-18,37 SCA 80555 34437,
Manbij,Cross DML,,,28-Oct-18,37 SCA 91735 52835,
Manbij,Cross DML,,,28-Oct-18,,37SEV0085779010
Manbij,Cross DML,,,28-Oct-18,37SCA9218153526,
Manbij,Cross DML,,,28-Oct-18,,37SEV0085779010
Green Village,IED,IED,,29-Oct-18,37S FU 30812 91164,
Manbij,Cross DML,,,29-Oct-18,"37SCA9170652823
",
Manbij,Cross DML,,,29-Oct-18,,37SEV0085779010
MERV,IED,IED,,29-Oct-18,37 S FU 64317 45952,
Manbij,Cross DML,,,30-Oct-18,37 S CA 91730 52813,
Manbij,Cross DML,,,30-Oct-18,"37SDA1209153677
",
Manbij,Cross DML,,,30-Oct-18,,37SEV0085779010
Raqqah,Attack,Grenade,,30-Oct-18,,
Tal Abyad,Cross Border,,,30-Oct-18,37 S DA 69560 67800,
Tal Abyad,Cross Border,,,30-Oct-18,37 S DA 96076 62096,
Kobane,Cross Border,,,31-Oct-18,37S DA 24913 84377,
Tal Abyad,Cross Border,,,31-Oct-18,37S DA 93695 61341,
Caripli,Cross Border,,,1-Nov-18,37SDA0029555450,
Manbij,Cross DML,,,1-Nov-18,37SCA8986351656,
Manbij,Cross DML,,,1-Nov-18,,37SEV0085779010
Manbij,Cross DML,,,1-Nov-18,37SCA8942550856,
Manbij,Cross DML,,,1-Nov-18,,37SEV0085779010
Manbij,Cross DML,,,1-Nov-18,,37SEV0085779010
Manbij,Cross DML,,,1-Nov-18,"37SCA9903655221
",
Manbij,Cross DML,,,1-Nov-18,37SDA0029555450,
Manbij,Cross DML,,,1-Nov-18,,37SEV0085779010
Manbij,IED,IED,,1-Nov-18,,
Manbij,IED,IED,,1-Nov-18,37SDA0753941597,
Manbij,IED,IED,,1-Nov-18,37SDA1756235382,
Tal Abyad,Cross Border,,,1-Nov-18,37S DA 89241 61113,
Tal Abyad,Cross Border,,,1-Nov-18,37SDA3414385065,
Manbij,Cross DML,,,2-Nov-18,37 SCA 79206 37213,
Manbij,Cross DML,,,2-Nov-18,,37SEV0085779010
Raqqah,Assassination,,,2-Nov-18,37SEV0020977742,
Tal Abyad,Cross Border,,,2-Nov-18,37 SDA 94838 61802,
Ayn Issa,IED,Attempted,,3-Nov-18,37SDA9560513149,
Green Village,Attack,SAF,,3-Nov-18,37SFU4882961814,
Kobane,Cross Border,,,3-Nov-18,37S DA 37391 84423 ,
Kobane,Cross Border,,,3-Nov-18,37S DA 37789 84263,
Raqqah,IED,IED,,3-Nov-18,37SEV0366477940,
Tal Abyad,Cross Border,,,3-Nov-18,37 SDA 96163 62104,
Tal Abyad,Cross Border,,,3-Nov-18,37SDA 96076 62096,
Tal Abyad,Cross Border,,,3-Nov-18,37S DA 94838 61802,
Baxdik,Cross Border,,,4-Nov-18,37S DA 72034 65005 ,
Hamrat,IED,IED,,4-Nov-18,37SEV1423174067,
Raqqah,IED,VBIED,,4-Nov-18,37SDV9984178834,
Tal Abyad,Cross Border,,,4-Nov-18,37S DA 93695 61341,
Manbij,Cross DML,,,5-Nov-18,37SCA9352055538,
Manbij,Cross DML,,,5-Nov-18,,37SEV0085779010
Manbij,Cross DML,,,5-Nov-18,,37SEV0085779010
Manbij,Cross DML,,,5-Nov-18,37SCA9173152815,
Manbij,Cross DML,,,5-Nov-18,37SCA9218253526,
Manbij,Cross DML,,,5-Nov-18,,37SEV0085779010
Manbij,IED,IED,,5-Nov-18,37SDA0438042385,
Raqqah,Assassination,Attempted,,5-Nov-18,37S EV 01871 78245,
Manbij,Cross DML,,,6-Nov-18,37SDA0029855453,
Manbij,Cross DML,,,6-Nov-18,,37SEV0085779010
Baxdik,Cross Border,,,7-Nov-18,37SDA 62770 71827 ,
Raqqah,Attack,Grenade,,7-Nov-18,37SEV0175178187,
Manbij,Cross DML,,,8-Nov-18,37SCA9601456797,
Raqqah,Attack,Poss Grenade,,9-Nov-18,37SEV0138278422,
Baxdik,Cross Border,,,10-Nov-18,37SDA 62770 71827 ,
Baxdik,Cross Border,,,10-Nov-18,37SDA 62770 71827 ,
Caripli,Cross Border,,,10-Nov-18,37SDA2307283361,
Caripli,Cross Border,,,10-Nov-18,37SDA1846681306,
Caripli,Cross Border,,,10-Nov-18,37SDA1403179250,
Caripli,Cross Border,,,10-Nov-18,37SDA1414278824,
Caripli,Cross Border,,,10-Nov-18,37SDA1393477073,
Caripli,Cross Border,,,10-Nov-18,37SDA1684779976,
Caripli,Cross Border,,,10-Nov-18,37S DA 18466 81306,
Caripli,Cross Border,,,10-Nov-18,37SDA 16847 79976 ,
Kobane,Cross Border,,,10-Nov-18,37SDA3414385065,
Manbij,Cross DML,,,10-Nov-18,37SCA8999552832,
Manbij,Cross DML,,,10-Nov-18,,37SEV0085779010
Manbij,Cross DML,,,10-Nov-18,,37SEV0085779010
Manbij,Cross DML,,,10-Nov-18,37SCA7869740490,
Manbij,Cross DML,,,10-Nov-18,37SCA8018141940,
Manbij,Cross DML,,,10-Nov-18,,37SEV0085779010
Manbij,Cross DML,,,10-Nov-18,,37SCA8989653267
Manbij,Cross DML,,,10-Nov-18,"37SCA8999151838
",
Manbij,Cross DML,,,10-Nov-18,37SCA9172952810,
Manbij,Cross DML,,,10-Nov-18,,37SCA8989653267
Manbij,Cross DML,,,10-Nov-18,37SCA8989653267,
Manbij,Cross DML,,,10-Nov-18,"37SDA0029855451
",
Manbij,Cross DML,,,10-Nov-18,37SCA9997356385,
Raqqah,assassination,,,10-Nov-18,37SEV0104780497,
Caripli,Cross Border,,,11-Nov-18,37S DA 14100 78777,
Caripli,Cross Border,,,11-Nov-18,37SDA1393477073,
Manbij,Cross DML,,,11-Nov-18,37SCA9000752855,
Manbij,Cross DML,,,11-Nov-18,37SDA0878654210,
Manbij,Cross DML,,,11-Nov-18,,37SEV0085779010
Manbij,Cross DML,,,11-Nov-18,37S CA 92195 53510,
Manbij,Cross DML,,,11-Nov-18,,37SCA8989653267
Manbij,Cross DML,,,11-Nov-18,37SDA1001054101,
Manbij,Cross DML,,,11-Nov-18,,37SEV0085779010
Manbij,Cross DML,,,11-Nov-18,37 SDA 08721 54129,
Manbij,Cross DML,,,11-Nov-18,,37SEV0085779010
Manbij,Cross DML,,,11-Nov-18,37SCA 80324 40792,
Manbij,Cross DML,,,11-Nov-18,37SCA 80280 41421,
Manbij,Cross DML,,,11-Nov-18,37SCA 87704 48767,
Manbij,Cross DML,,,11-Nov-18,37SCA 88904 48867,
Manbij,Cross DML,,,11-Nov-18,37SCA 89441 51418,
Manbij,Cross DML,,,11-Nov-18,37SCA 90937 53206,
Manbij,Cross DML,,,11-Nov-18,37SCA 91398 53407,
Manbij,Cross DML,,,11-Nov-18,37SDA 00087 55908,
Manbij,Cross DML,,,11-Nov-18, 37SDA 08533 54634,
Manbij,Cross DML,,,11-Nov-18,37SDA 30616 85039,
Manbij,Cross DML,,,11-Nov-18,37SDA 34143 85065,
Manbij,Cross DML,,,11-Nov-18,37SDA 37793 84626,
Manbij,Cross DML,,,11-Nov-18,37S DA 10139 54800,
Manbij,Cross DML,,,11-Nov-18,37SDA0012756026,
caripli,Jamming,,,12-Nov-18,37SDA 288 744,
Manbij,Attack,SAF,,12-Nov-18,37SDA0334645500,
Manbij,Cross DML,,,12-Nov-18,"37SCA8941750857
",
Manbij,Cross DML,,,12-Nov-18,,37SEV0085779010
Manbij,Cross DML,,,12-Nov-18,,37SEV0085779010
Manbij,Cross DML,,,12-Nov-18,"37SCA9173152815
",
Manbij City,Attack,SAF,,12-Nov-18,37SDA0334245498,
Manbij,Cross DML,,,13-Nov-18,"37SCA9317655028
",
Manbij,Cross DML,,,13-Nov-18,,37SEV0085779010
Manbij,Cross DML,,,13-Nov-18,,37SEV0085779010
Manbij,Cross DML,,,13-Nov-18,37SDA0246055729,
Manbij,Cross DML,,,14-Nov-18,,
Manbij,Cross DML,,,15-Nov-18,37S DA 15232 55349,
Manbij,Cross DML,,,15-Nov-18,"37SDA1523255340
",
Manbij,Cross DML,,,15-Nov-18,,37SEV0085779010
MERV,Jamming,,,15-Nov-18,37S FU 79772 22115,
Green Village,Cross River,,,16-Nov-18,37S FU 44788 62510,
Manbij,Cross DML,,,16-Nov-18,37S CA 92836 55228,
Manbij,Cross DML,,,16-Nov-18,37S CA 88452 51439,
Manbij,Cross DML,,,17-Nov-18,"37SCA8685446316
",
Manbij,Cross DML,,,17-Nov-18,,37SEV0085779010
Manbij,Cross DML,,,17-Nov-18,37S CA 86813 46343,
Manbij,Cross DML,,,17-Nov-18,37SCA7983137,
Raqqah,Attack,Grenade,,17-Nov-18,37SEV0079978930,
Raqqah,Cross FLOT,,,17-Nov-18,37SEV1794965124,
Tal Abyad,Cross Border,,,17-Nov-18,37S DA 95829 61765,
Manbij,Cross DML,,,18-Nov-18,37S DA 00253 55457,
Manbij,Cross DML,,,19-Nov-18,37S DA 00242 55498,
Tal Abyad,Cross Border,,,19-Nov-18,37S DA 94759 61692,
Manbij,Cross DML,,,20-Nov-18,37SCA9172752812,
Manbij,Cross DML,,,20-Nov-18,37SCA9173152815,
Manbij,Cross DML,,,20-Nov-18,,37SEV0085779010
Manbij,Cross DML,,,20-Nov-18,,37SEV0085779010
Manbij,Cross DML,,,20-Nov-18,37SDA0878754207,
Manbij,IED,IED,,20-Nov-18,37SDA0834242955,
Qamishli,Cross Border,,,20-Nov-18,37SFB9998405250,
Manbij,Cross DML,,,21-Nov-18,37S DA 00248 55466,
Manbij,Cross DML,,,21-Nov-18,37S DA 08786 54210,
Manbij,Cross DML,,,21-Nov-18,37S CA 94376 56021,
Qamishli,Cross Border,,,21-Nov-18,37SFB89723 06961,
Tal Abyad,Cross Border,,,21-Nov-18,37 SEA 06459 61586,
Manbij,Cross DML,,,22-Nov-18,37SCA9317655028,
Manbij,Cross DML,,,22-Nov-18,,37SEV0085779010
Raqqah,Attack,Grenade,,23-Nov-18,37S DV 86523 97664,
Tal Abyad,Cross Border,,,23-Nov-18,37SDA 87421 61316,
Manbij,Cross DML,,,24-Nov-18,37 SDA 0292455583,
Manbij,Cross FLOT,,,24-Nov-18,37SCA 8103734502,
Manbij,IED,IED,,24-Nov-18,37SDA 05586 43758,
MERV,Attack,SAF ,,24-Nov-18,37SFU6427351463,
Dayr az Zawr,Cross FLOT,,,25-Nov-18,37S FV 03004 14688,
Manbij,Cross DML,,,26-Nov-18,37SCA 78224 40112,
Qamishli,Attack,SAFIRE @ Aircraft,,26-Nov-18,37SGA0049190795,
Ras al Ayn,Cross Border,,,26-Nov-18,37S EA 48055 62242,
Ras al Ayn,Cross Border,,,26-Nov-18,37S EA 48055 62242,
Tal Abyad,Cross Border,,,26-Nov-18,37S DA 92621 61758,
Dayr az Zawr,Cross FLOT,,,27-Nov-18,37S EV 97472 21567,
Dayr az Zawr,Cross FLOT,,,27-Nov-18,37S FU 28383 89356,
Dayr az Zawr,Cross FLOT,,,27-Nov-18,37S FU 29271 88399,
Dayr az Zawr,Cross FLOT,,,27-Nov-18,37S FU 32315 86059,
Manbij,Cross FLOT,,,27-Nov-18,37S DA 05150 18968,
Raqqah,IED,IED,,27-Nov-18,37S EV 01236 78910,
Tal Abyad,Cross Border,,,27-Nov-18,37S EA 15390 57761,
Tal Abyad,Cross Border,,,27-Nov-18,37S EA 41588 60495 ,
Manbij,Cross DML,,,28-Nov-18,37S DA 03723 55043,
Ras al Ayn,Cross Border,,,28-Nov-18,37S EA 62989 66519,
Manbij,Cross DML,,,29-Nov-18,"37SCA9173752816
",
Manbij,Cross DML,,,29-Nov-18,,37SEV0085779010
Raqqah,IED,IED,,29-Nov-18,37S DV 97698 90863,
Ras al Ayn,Cross Border,,,29-Nov-18,37S EA 98178 80083,
Ras al Ayn,Cross Border,,,29-Nov-18,37S FA 00726 80381,
Tal Abyad,Cross Border,,,29-Nov-18,37S EA 15390 57761 ,
Tal Abyad,Cross Border,,,29-Nov-18,37SEA4159360479,
Tal Abyad,Cross Border,,,29-Nov-18,37SEA3384460139,
Dayr az Zawr,Attack,SAF,,30-Nov-18,37S FV 2278 0224,
Manbij,Cross DML,,,30-Nov-18,37SCA8999151838,
Manbij,Cross DML,,,30-Nov-18,,37SEV0085779010
Manbij,Cross DML,,,30-Nov-18,37S CA 89397 50866,
Manbij,Cross DML,,,30-Nov-18,,37SEV0085779010
Manbij,Cross DML,,,30-Nov-18,37S DA 01662 20534,
Manbij,Cross DML,,,30-Nov-18,37S CA 93027 54981,
Manbij,Cross DML,,,30-Nov-18,,37SEV0085779010
Manbij,Cross DML,,,1-Dec-18,37S DA 06448 54365,
Manbij,Cross DML,,,1-Dec-18,,37SEV0085779010
Manbij,Cross DML,,,1-Dec-18,,37SEV0085779010
Manbij,Cross DML,,,1-Dec-18,37S DA 07280 53693,
Manbij,Cross DML,,,1-Dec-18,37S DA 00291 55454,
Manbij,Cross DML,,,1-Dec-18,37S CA 78092 40258,
Manbij,Cross DML,,,1-Dec-18,37S DA 00291 55454,
Manbij,Cross DML,,,1-Dec-18,37SDA 00297 55451,
Manbij,Cross DML,,,1-Dec-18,37SCA 94395 56000,
Manbij,Cross DML,,,1-Dec-18,,37SEV0085779010
Manbij,Cross DML,,,1-Dec-18,37SCA 93193 54916,
Manbij,Cross DML,,,1-Dec-18,37SCA 91731 52816,
Manbij,Cross DML,,,1-Dec-18,,37SCA8989653267
Manbij,Cross DML,,,1-Dec-18,37SCA 89417 50857,
Manbij,Cross DML,,,1-Dec-18,37SCA7822740291,
Manbij,Cross DML,,,1-Dec-18,,37SEV0085779010
Manbij,Cross DML,,,1-Dec-18,,37SEV0085779010
Manbij,Cross DML,,,1-Dec-18,37SCA7822340111,
Manbij,Cross DML,,,1-Dec-18,37SDA0028155459,
Manbij,Cross DML,,,1-Dec-18,,37SEV0085779010
Manbij,Cross DML,,,1-Dec-18,,37SEV0085779010
Manbij,Cross DML,,,1-Dec-18,37SCA7822740291,
Manbij,Cross DML,,,1-Dec-18,37SCA7822340111,
Manbij,Cross DML,,,1-Dec-18,,37SEV0085779010
Manbij,Cross DML,,,2-Dec-18,37S DA 02233 20095,
Manbij,Cross DML,,,2-Dec-18,,37SEV0085779010
Manbij,Cross DML,,,2-Dec-18,,37SEV0085779010
Manbij,Cross DML,,,2-Dec-18,37SCA8999151838,
Manbij,Cross DML,,,2-Dec-18,37SCA8941750857,
Manbij,Cross DML,,,2-Dec-18,,37SEV0085779010
Manbij,Cross DML,,,2-Dec-18,,37SEV0085779010
Manbij,Cross DML,,,2-Dec-18,37SDA0029755451,
Manbij,Cross DML,,,2-Dec-18,37SDA0029755451,
Manbij,Cross DML,,,2-Dec-18,37SDA 05332 54492,
Manbij,Cross DML,,,2-Dec-18,37S CA 91726 52828,
Manbij,Cross DML,,,2-Dec-18,,37SEV0085779010
Manbij,Cross DML,,,2-Dec-18,37S CA 93182 54919,
Manbij,Cross DML,,,2-Dec-18,37SCA9172652828,
Manbij,Cross DML,,,2-Dec-18,,37SEV0085779010
Manbij,Cross DML,,,2-Dec-18,,37SEV0085779010
Manbij,Cross DML,,,2-Dec-18,37SDA1651556481,
Manbij,Cross DML,,,2-Dec-18,37SCA9317655028,
Manbij,Cross DML,,,2-Dec-18,,37SEV0085779010
Manbij,Cross DML,,,2-Dec-18,,37SEV0085779010
Manbij,Cross DML,,,2-Dec-18,37SCA8964351274,
Manbij,Cross DML,,,2-Dec-18,37SCA9317655028,
Manbij,Cross DML,,,2-Dec-18,,37SEV0085779010
Manbij,Cross DML,,,2-Dec-18,,37SEV0085779010
Manbij,Cross DML,,,2-Dec-18,37SDA1651556481,
Manbij,Cross DML,,,2-Dec-18,37S DA 15939 55682,
Manbij,Cross DML,,,2-Dec-18,37S DA 15227 55374,
MERV,Cross FLOT,,,2-Dec-18,37SFU6393545992,
Raqqah,Attack,Grenade,,2-Dec-18,37SEV0169577707,
Raqqah,Attack,Grenade,,2-Dec-18,37SEV0078678011,
Raqqah,IED,IED,,2-Dec-18,37S EV 35044 68467,
Ras al Ayn,Cross Border,,,2-Dec-18,37S FA 10799 84597,
Ras al Ayn,Cross Border,,,2-Dec-18,37S EA 75873 68344,
Ras al Ayn,Cross Border,,,2-Dec-18,37S FA 21325 92148,
Ras al Ayn,Cross Border,,,3-Dec-18,37S FA 10795 84588,
Ras al Ayn,Cross Border,,,3-Dec-18,37SFA1079584588,
Ras al Ayn,Cross Border,,,3-Dec-18,37SFA0562382311,
Tal Abyad,Cross Border,,,3-Dec-18,37SEA4842859888,
Manbij,Cross DML,,,4-Dec-18,37S DA 15227 55374,
Manbij,Cross DML,,,4-Dec-18,37S DA 00285 55460,
Manbij,Cross DML,,,4-Dec-18,37S CA 83565 32621,
Manbij,Cross DML,,,4-Dec-18,37SCA9319354916,
Manbij,Cross DML,,,4-Dec-18,,37SEV0085779010
Hajin,Attack,IDF,,5-Dec-18,37S FU 64411 45995,
Manbij,Cross DML,Cross River,,5-Dec-18,37SDA1913762011,
Ras al Ayn,Cross Border,,,5-Dec-18,37S EA 98178 80003,
Manbij,Cross DML,,,6-Dec-18,37S DA 08872 54482,
Raqqah,IED,IED,,6-Dec-18,37SEV0090778342,
Suwaidon,Attack,SAF,,6-Dec-18,37S FU 46529 63214 ,
Tal Abyad,Cross Border,,,6-Dec-18,37SEA1985557693,
Tal Abyad,Cross Border,,,6-Dec-18,37SEA3793260206,
Kobane,Cross Border,,,7-Dec-18,37S DA 24074 83302,
Manbij,Cross DML,,,7-Dec-18,37S CA 88313 45862         ,
Manbij,Cross DML,,,7-Dec-18,,37SEV0085779010
Manbij,Cross DML,,,7-Dec-18,,37SEV0085779010
Manbij,Cross DML,,,7-Dec-18, 37S DA 02921 55671,
Manbij,Cross DML,,,7-Dec-18,37S CA 93176 54915,
Manbij,Cross DML,,,7-Dec-18,,37SEV0085779010
Manbij,Cross FLOT,,,7-Dec-18,,37SEV0085779010
Manbij,Cross FLOT,,,7-Dec-18,37SCA 86362 46137,
Manbij,Cross FLOT,,,7-Dec-18,37SDA 02899 55587,
Manbij,Cross FLOT,,,7-Dec-18,,37SEV0085779010
Manbij,Cross FLOT,,,7-Dec-18,,37SEV0085779010
Manbij,Cross FLOT,,,7-Dec-18,37SCA 93176 54915,
Manbij,Cross FLOT,,,7-Dec-18,37SCA 93176 55228,
Manbij,Cross FLOT,,,7-Dec-18,,37SEV0085779010
Ras al Ayn,Cross Border,,,7-Dec-18,37SEA7448167768,
Ras al Ayn,Cross Border,,,7-Dec-18,,37SEV0085779010
Dayr az Zawr,Cross FLOT,,,8-Dec-18,37SFV 17120 09680,
Manbij,Cross DML,,,8-Dec-18,37SCA9320554910,
Manbij,Cross DML,,,8-Dec-18,,37SEV0085779010
Manbij,Cross DML,,,8-Dec-18,,37SEV0085779010
Manbij,Cross DML,,,8-Dec-18,37SDA0246255696,
Manbij,Cross DML,,,8-Dec-18,37SDA0643754340,
Manbij,Cross DML,,,8-Dec-18,,37SEV0085779010
Manbij,Cross DML,,,8-Dec-18,,37S DA 04674 53168
Manbij,Cross DML,,,8-Dec-18,37S DA 04674 53168,
Manbij,Cross FLOT,,,8-Dec-18,37SDA 06437 54340,
Manbij,Cross FLOT,,,8-Dec-18,,37SEV0085779010
Manbij,Cross FLOT,,,8-Dec-18,37SDA 02462 55676,
Manbij,Cross FLOT,,,8-Dec-18,,37SEV0085779010
Manbij,Cross Border,,,9-Dec-18,37SEA3794060206,
Manbij,Cross FLOT,,,9-Dec-18,37SEA 01950 60332,
Tal Abyad,Cross Border,,,9-Dec-18,37SEA0195060332,
Tal Abyad,Cross Border,,,9-Dec-18,37S EA 036 622,
Tal Abyad,Cross Border,,,9-Dec-18,37SEA4145760428,
Umm Julud,Cross DML,,,9-Dec-18,37S CA 91731 52816,
Kobane,Cross Border,,,10-Dec-18,37S DA 32939 85577,
Manbij,Cross DML,,,10-Dec-18,37S CA 81036 34501,
Manbij,Cross DML,,,10-Dec-18,,37SEV0085779010
Manbij,Cross DML,,,10-Dec-18,,37SEV0085779010
Manbij,Cross DML,,,10-Dec-18,37S CA 91731 52816,
Manbij,Cross DML,,,10-Dec-18,37S CA 93193 54909,
Manbij,Cross DML,,,10-Dec-18,,37SEV0085779010
Manbij,Cross FLOT,,,10-Dec-18,,37SEV0085779010
Manbij,Cross FLOT,,,10-Dec-18,37SCA 95003 56261,
Tal Abyad,Cross Border,,,10-Dec-18,37SEA1530857657,
Tal Abyad,Cross Border,,,10-Dec-18,,37SEV0085779010
Manbij,Cross DML,,,11-Dec-18,37SDA0208656073,
Manbij,Cross DML,,,11-Dec-18,,37SEV0085779010
Manbij,Cross FLOT,,,11-Dec-18,,37SEV0085779010
Manbij,Cross FLOT,,,11-Dec-18,37SCA 84098 32683,
Manbij,Cross FLOT,,,11-Dec-18,37S FU 67571 33881,
Manbij,Cross FLOT,,,11-Dec-18,,37SEV0085779010
Manbij,Cross FLOT,,,11-Dec-18,37S CA 87146 32009,
Raqqah,IED,IED,,11-Dec-18,37S EV 00456 78557,
Raqqah,IED,ERW,,11-Dec-18,37S DV 99007 79646,
Manbij,Cross DML,,,12-Dec-18,37S CA 94394 56571,
Manbij,IED,IED,,12-Dec-18,37S DA 06167 43969,
Raqqah,IED,IED,,12-Dec-18,37S EV 00500 71831,
Ras al Ayn,Cross Border,,,12-Dec-18,37S FA 10797 84588,
Ras al Ayn,Cross Border,,,12-Dec-18,37S FA 05739 81517,
Ras al Ayn,Cross Border,,,12-Dec-18,37S FA 00348 81021,
Manbij,Cross DML,,,13-Dec-18,37S CA 95024 56243,
Manbij,Cross DML,,,13-Dec-18,,37SEV0085779010
Manbij,Cross DML,,,13-Dec-18,37SDA0995654072,
Manbij,Cross DML,,,13-Dec-18,37SCA9328953869,
Manbij,Cross DML,,,13-Dec-18,37SCA9328953869,
Manbij,Cross DML,,,13-Dec-18,37SCA9178553489,
Manbij,Cross DML,,,13-Dec-18,37SCA 94374 55957,
Manbij,Cross DML,,,13-Dec-18,,37SEV0085779010
Manbij,Cross DML,,,13-Dec-18,,37SEV0085779010
Manbij,Cross DML,,,13-Dec-18,37SDA 02926 55574,
Manbij,Cross DML,,,13-Dec-18,37SCA 94389 55992,
Manbij,Cross DML,,,13-Dec-18,,37SEV0085779010
Ras al Ayn,Cross Border,,,13-Dec-18,37S FA 16715 88474 ,
Tal Abyad,Cross Border,,,13-Dec-18,37S EA 11149 59131,
Darbasiyah,Cross Border,,,14-Dec-18,37SFB6363008276,
Darbasiyah,Cross Border,,,14-Dec-18,,37SEV0085779010
Manbij,Cross DML,,,14-Dec-18,,37SEV0085779010
Manbij,Cross DML,,,14-Dec-18,37SCA 95024 56243,
Manbij,Cross DML,,,14-Dec-18,37S CA 86854 46316,
Manbij,Cross DML,,,14-Dec-18,,37SEV0085779010
Manbij,Cross DML,,,14-Dec-18,,37SEV0085779010
Manbij,Cross DML,,,14-Dec-18,37SCA9317655028,
Manbij,Cross DML,,,14-Dec-18,37SCA9219553501,
Manbij,Cross DML,,,14-Dec-18,,37SEV0085779010
Manbij,Cross DML,,,14-Dec-18,,37SEV0085779010
Manbij,Cross DML,,,14-Dec-18,37SDA 00297 55451,
Manbij,Cross DML,,,14-Dec-18,37SDA 06438 54344,
Manbij,Cross DML,,,14-Dec-18,,37SEV0085779010
Manbij,Cross DML,,,14-Dec-18,37SDA 00297 55451,
Manbij,Cross DML,,,14-Dec-18,,37SEV0085779010
Tal Diyab,Cross Border,,,14-Dec-18,37S FA 16715 88474 ,
Raqqah,Assassination,,,15-Dec-18,37S EV 01151 78428,
Raqqah,Assassination,,,15-Dec-18,37S EV 00745 77309,
Raqqah,Attack,Grenade,,15-Dec-18,37SDV9974379191,
Raqqah,IED,IED,,15-Dec-18,37S EV01205 77960,
Manbij,Assassination,,,16-Dec-18,37SDA 03954 40862,
Ras Al Ayn,Media,Media Engagement,,16-Dec-18,37S EA 90658 73610,
Manbij,Cross DML,,,18-Dec-18,37S DA 02931 55633,
Manbij,Cross DML,,,18-Dec-18,,37SEV0085779010
Raqqah,IED,Attempted,,18-Dec-18,37S DV 99971 80142,
Dayr az Zawr,Attack,SAF,,19-Dec-18,37S FU 46852 68123,
Dayr az Zawr,Cross River,,,19-Dec-18,37S FU 43807 65651,
Green Village,Cross River,,,20-Dec-18,37S FU 66250 37726 ,
Hajin,Cross River,,,20-Dec-18,,37SEV0085779010
Hajin,Cross River,,,20-Dec-18,37S FU 66858 38526,
Jarabulus,Cross River,,,20-Dec-18,37SDA1367272007,
Jarabulus,Cross River,,,20-Dec-18,,37SEV0085779010
LCF,Civil Disturbance,Protest,,20-Dec-18,37SDA6288445044,
LCF,Civil Disturbance,Protest,,20-Dec-18,37SDA6317045594,
Manbij,Cross DML,,,20-Dec-18,37S CA 95003 56261,
Manbij,Cross DML,,,20-Dec-18,,37SEV0085779010
Manbij,Cross DML,,,20-Dec-18,37S CA 95003 56261,
Manbij,Cross DML,,,20-Dec-18,37SCA9437455957,
Raqqah,IED,ERW,,20-Dec-18,37S EV 00899 79032,
Raqqah,IED,IED,,20-Dec-18,37S DV 99659 80152,
Kobani,Attack,SAFIRE @ Aircraft,,21-Dec-18,37SDA 36835391,
Manbij,Cross DML,,,21-Dec-18,37SCA9437455957,
Manbij,Cross DML,,,21-Dec-18,37S DA 00297 55451,
Manbij,Cross DML,,,21-Dec-18,,37SEV0085779010
Tal Abyad,Cross Border,,,21-Dec-18,37S DA 9632 6221,
Manbij,Cross DML,,,22-Dec-18,,37SEV0085779010
Manbij,Cross DML,,,22-Dec-18,37S CA 87947 31403,
Manbij,Cross DML,,,22-Dec-18,37SCA9438955992,
Raqqah,Attack,Grenade,,22-Dec-18,37S EV 01648 77760,
Tal Abyad,Cross Border,,,22-Dec-18,37S DA 9632 6221,
Tal Abyad,Cross Border,,,22-Dec-18,37S DA 9632 6221,
Manbij,Cross DML,,,23-Dec-18,37S CA 99032 55656,
Manbij,Cross DML,,,23-Dec-18,,37SEV0085779010
Manbij,Cross DML,,,23-Dec-18,,37SEV0085779010
Manbij,Cross DML,,,23-Dec-18,37S CA 93869 55549,
Manbij,Cross DML,,,23-Dec-18,37S CA 94389 55992,
Manbij,Cross DML,,,23-Dec-18,,37SEV0085779010
Manbij,IED,IED,,23-Dec-18,37S DA 04799 40858,
Raqqah,IED,ERW,,23-Dec-18,37S EV 01205 77991,
Shaddadi ,Media,Media Engagement,,23-Dec-18,37SFV5574991700,
Shaddadi,Civil Disturbance,,,23-Dec-18,37S FV 55749 91700,
Manbij,Cross DML,,,24-Dec-18,37S CA 96924 56829,
Manbij,Cross DML,,,24-Dec-18,,37SEV0085779010
Manbij,Cross DML,,,24-Dec-18,,37SEV0085779010
Manbij,Cross DML,,,24-Dec-18,37SCA9500356261,
Manbij,Cross DML,,,24-Dec-18,37SDA0208656033,
Manbij,Cross DML,,,24-Dec-18,,37SEV0085779010
Manbij,Cross DML,,,24-Dec-18,37SDA0311656262,
Raqqah,IED,IED Cache,,24-Dec-18,37S DV 99671 78194,
Manbij,Cross DML,,,25-Dec-18,37SDA0311656262,
Manbij,Cross DML,,,25-Dec-18,37SCA8999151838,
Manbij,Cross DML,,,25-Dec-18,,37SEV0085779010
Raqqah,Attack,SAF,,25-Dec-18,37S DV 94115 78972,
Ayn Issa ,Media,Media Engagement,,26-Dec-18,,
Green Village ,Cross River,,,26-Dec-18,37S FU 33753 82488,
Green Village ,Cross River,,,26-Dec-18,,37SEV0085779010
Manbij,Civil Disturbance,Rally,,26-Dec-18,37SDA0687941562,
Manbij,Cross DML,,,26-Dec-18,37S DA 02923 55581,
Manbij,Cross DML,,,26-Dec-18,,37SEV0085779010
Cairo,IED,IED,,28-Dec-18,,
Darbasiyah,Cross Border,,,28-Dec-18,37SFB6545408569,
Darbasiyah,Cross Border,,,28-Dec-18,,37SEV0085779010
Hajin,Cross River,,,28-Dec-18,,37SEV0085779010
Hajin,Cross River,,,28-Dec-18,37S FU 72409 40787 ,
Manbij,IED,IED,,28-Dec-18,37S DA 04823 42180,
Manbij,Jamming,,,28-Dec-18,37SDA0266949620,
Manbij,Jamming,,,28-Dec-18,37S CA 94821 39553,
Manbij,Jamming,,,28-Dec-18,,37SEV0085779010
Tal Abyad,Cross Border,,,28-Dec-18,,37SEV0085779010
Tal Abyad,Cross Border,,,28-Dec-18,37S EA 11265 59189 ,
Manbij,Cross DML,,,28-Dec-18,37S CA 86700 48760 ,
Manbij,Cross DML,,,28-Dec-18,,37S CA 88624 48948
Dayr Az Zawr,Assassination,,,29-Dec-18,37SFA3622418784,
Hajin,IED,IED,,29-Dec-18,37SFU 64402 45941,
Manbij,Cross DML,,,29-Dec-18,37S DA 00300 55471 ,
Manbij,Cross DML,,,29-Dec-18,,37SEV0085779010
Manbij,Cross DML,,,29-Dec-18,37S DA 00300 55471,
Manbij,Cross DML,,,29-Dec-18,,37SEV0085779010
Manbij,Cross DML,,,29-Dec-18,37SCA 99039 55618,
Manbij,Cross DML,,,29-Dec-18,,37SEV0085779010
Manbij,Cross DML,,,30-Dec-18,37S DA 16518 56488,
Manbij,Cross DML,,,30-Dec-18,,37SEV0085779010
Ras al Ayn,Cross Border,,,30-Dec-18,37SEA6299766528,
Ras al Ayn,Cross Border,,,30-Dec-18,,37SEV0085779010
Manbij,Cross DML,,,31-Dec-18,37S CA 96964 56838,
Manbij,Cross DML,,,31-Dec-18,,37SEV0085779010
Manbij,Cross DML,,,31-Dec-18,,37SEV0085779010
Manbij,Cross DML,,,31-Dec-18,37S CA 96964 56838,
Derrik,Cross Border,,,31-Dec-18,38S KG 46104 18233,
Derrik,Cross Border,,,31-Dec-18,,37SEV0085779010
Derrik,Cross Border,,,31-Dec-18,,37SEV0085779010
Manbij,Cross DML,,,31-Dec-18,37SCA9515756384,
Manbij,Cross DML,,,31-Dec-18,,37SEV0085779010
Manbij,Cross DML,,,31-Dec-18,,37SEV0085779010
Manbij,Cross DML,,,31-Dec-18,37S DA 09023 54657 ,
Tal Abyad,Cross Border,,,31-Dec-18,37S EA 01950 60331,
Tal Abyad,Cross Border,,,31-Dec-18,,37SEV0085779010
Manbij,Cross DML,SAF,,1-Jan-19,37S CA 99039 55618 ,
Manbij,Cross DML,SAF,,1-Jan-19,,37SEV0085779010
Manbij,Cross DML,DSHKA,,1-Jan-19,37SCA8107334594,
Manbij,Cross DML,DSHKA,,1-Jan-19,37SCA8356532699,
Manbij,Cross DML,DSHKA,,2-Jan-19,37S CA 93176 55028,
Manbij,Cross DML,DSHKA,,2-Jan-19,,37SEV0085779010
Manbij,Cross DML,SAF,,2-Jan-19,,37SEV0085779010
Manbij,Cross DML,SAF,,2-Jan-19,37S CA 89685 51351,
Manbij,Media,Media Engagement,,2-Jan-19,37SDA0620942992,
Manbij,Cross DML,SAF,,3-Jan-19,37S CA 96420 56821,
Manbij,Cross DML,SAF,,3-Jan-19,,37SEV0085779010
Manbij,Cross DML,SAF,,3-Jan-19,,37SEV0085779010
Manbij,Cross DML,SAF,,3-Jan-19,37S CA 96420 56821,
Manbij,Cross DML,SAF,,3-Jan-19,37S CA 89643 51274,
Manbij,Cross DML,DSHKA,,4-Jan-19,37S CA 90853 55855 ,
Manbij,Cross DML,DSHKA,,4-Jan-19,,37SEV0085779010
Manbij,Cross DML,,,4-Jan-19,37S CA 96926 56829 ,
Manbij,Cross DML,,,4-Jan-19,,37SEV0085779010
Ayn Issa ,Media,Media Engagement,,5-Jan-19,37S DA 87541 26939,
Manbij,Cross DML,DSHKA,,5-Jan-19,37S CA 78223 40111 ,
Manbij,Cross DML,DSHKA,,5-Jan-19,37S CA 79325 36876 ,
Raqqah,IED,,,5-Jan-19,37S DV 97727 80092,
Manbij,Cross DML,DSHKA,,5-Jan-19,,37SEV0085779010
Manbij,Cross DML,DSHKA,,5-Jan-19,,37SEV0085779010
Raqqah,Attack,SVIED & SAF,,7-Jan-19,37S EV 00801 78947,
Hajin,IED,IED,,8-Jan-19,37S FU 75869 37083,
Hajin,IED,IED,,8-Jan-19,37S FU 75856 37081,
Hajin,IED,IED,,8-Jan-19, 37S FU 75767 37030,
Manbij,IED,IED,,8-Jan-19,37SDA 08855 43268 ,
Manbij ,Cross DML,Illum Rounds,,8-Jan-19,37SCA9696456838,
Manbij ,Cross DML,Illum Rounds,,8-Jan-19,37SCA9696456838,
Manbij ,Cross DML,Illum Rounds,,8-Jan-19,37SCA9696456838,
Manbij ,Cross DML,Illum Rounds,,8-Jan-19,,37SEV0085779010
Manbij ,Cross DML,Illum Rounds,,8-Jan-19,,37SEV0085779010
Manbij ,Cross DML,Illum Rounds,,8-Jan-19,,37SEV0085779010
Manbij ,Cross DML,Illum Rounds,,8-Jan-19,,37SEV0085779010
Manbij ,Cross DML,Illum Rounds,,8-Jan-19,37SCA9820956172,
Manbij ,Cross DML,Illum Rounds,,8-Jan-19,37SCA9820956172,
Manbij ,Cross DML,Illum Rounds,,8-Jan-19,,37SEV0085779010
Raqqah,IED,VBIED,,8-Jan-19,37S DV 99531 78988,
Manbij,Cross DML,DSHKA,,11-Jan-19,37S DA 12026 53779 ,
Manbij,Cross DML,DSHKA,,11-Jan-19,,37SEV0085779010
Manbij,Defection,TSO,,12-Jan-19,,
Manbij,IED,IED,,12-Jan-19,37S DA 04213 40879,
MERV,Cross Border SY-IZ,,,12-Jan-19,,
Raqqah,IED,RCIED,,12-Jan-19,37S EV 01606 80203,
Raqqah,IED,ERW,,12-Jan-19,37S DV 99512 79783,
Ras Al Ayn,Media,Media Engagement,,12-Jan-19,37SFA 24878 59258,
Manbij,Cross DML,DSHKA,,13-Jan-19,37S CA 85076 32695,
Manbij,Cross DML,DSHKA,,13-Jan-19,,37SEV0085779010
Manbij,Cross DML,DSHKA,,13-Jan-19,,37S DA 00281 55459
Manbij,Cross DML,DSHKA,,13-Jan-19,37S DA 00040 56409,
Manbij,Cross DML,DSHKA,,13-Jan-19,37S DA 00157 56262,
Manbij,Cross DML,DSHKA,,13-Jan-19,,37SEV0085779010
Manbij,IED,IED,,13-Jan-19,37S CA 98599 40935,
MERV,Jamming,Possible Jamming,,13-Jan-19,37S FU 79524 23742,
MERV,Jamming,,,13-Jan-19,37S FU 76436 27586,
Ras Al Ayn,Cross Border,Non-Kinetic,,13-Jan-19,37S EA 88830 74023,
Suwar,Attack,US TIC,,13-Jan-19,37S FU 2799 9663,
Suwar,Attack,US TIC,,13-Jan-19,,37SEV0085779010
As Shafah,Media,Media Engagement,,14-Jan-19,37S FU 77528 27848,
Raqqah,IED,IED,,14-Jan-19,37S EV 02633 78697 ,
Raqqah,IED,IED Recovered,,14-Jan-19,37S EV 00349 80452,
Tal Abyad,Cross Border,SAF,,14-Jan-19,37S DA96910 61615,
Tal Abyad,Cross Border,SAF,,14-Jan-19,,37SEV0085779010
As Susah,Miscellaneous,,,15-Jan-19,37S FU 77530 27861,
Manbij,Cross DML,DSHKA,,15-Jan-19,37S DA 00306 55458,
Manbij,Cross DML,DSHKA,,15-Jan-19,,37SEV0085779010
Manbij,Cross DML,SAF,,15-Jan-19,37S CA 8999 5183,
Manbij,Cross DML,SAF,,15-Jan-19,,37S CA 8838 5190
Manbij,IED,IED,,16-Jan-19,37S DA 06128 42965,
Manbij,Cross DML,DSHKA,,17-Jan-19,37S CA 78218 40115,
Manbij,Cross DML,DSHKA,,17-Jan-19,,37SEV0085779010
Manbij,IED,IED,,17-Jan-19,37S DA 04954 43574,
Manbij,Cross DML,SAF,,18-Jan-19,37S DA 10018 48407,
Manbij,Cross DML,SAF,,18-Jan-19,37S CA 89429 51140,
Manbij,Cross DML,SAF,,18-Jan-19,,37SEV0085779010
Manbij,Cross DML,DSHKA,,18-Jan-19,37S CA 99045 55577,
Manbij,Cross DML,DSHKA,,18-Jan-19,,37SEV0085779010
Green Village,Cross River,,,19-Jan-19,37S FU 40470 71348,
Manbij,Cross DML,Illum Rounds,,19-Jan-19,37SCA 79356 37158,
Manbij,Cross DML,SDF @ FSA,,19-Jan-19,37S CA 89617 51310,
Manbij,Cross DML,SDF @ FSA,,19-Jan-19,,37S CA 89617 51310
Manbij,Cross DML,SAF,,19-Jan-19,,37S CA 95003 56261
Manbij,Cross DML,SAF,,19-Jan-19,37S CA 94607 56612,
Tal Abyad,Cross Border,IR Beam,,19-Jan-19,,37S DA 96214 62550
Turkey ,Cross Border,IR Beam,,19-Jan-19,,37S DA 96214 62550
Manbij,Cross DML,Illum Rounds,,20-Jan-19,37S CA 9221 5350,
Raqqah,Civil Disturbance,Demonstration,,20-Jan-19,37SDV 97705 89921,
Raqqah ,IED,IED,,20-Jan-19,37S EV 02438 78288,
Manbij,Cross DML,DSHKA,,21-Jan-19,37S CA 85077 42928,
Manbij,Cross DML,DSHKA,,21-Jan-19,,37SEV0085779010
Green Village ,Attack,SAF,,22-Jan-19,37S FU 33803 89030,
Raqqah,Attack,SAF,,22-Jan-19,37S EV 07154 76836,
Raqqah,IED,IED,,22-Jan-19,37S DV 99163 79844,
Raqqah,Assassination,Murder,,22-Jan-19,37S EV 02786 81011,
Shaddadi,Attack,US TIC,,22-Jan-19,37S FA 51514 08473,
Mansurah,Assassination,Murder,,23-Jan-19,37SDV7680767335,
Raqqah,Civil Disturbance,Regime Flag,,24-Jan-19,37S DV 94534 78978,
Manbij,Cross DML,DSHKA,,25-Jan-19,37S CA 88616 48124,
Manbij,IED,IED,,25-Jan-19,37S DA 28779 54386,
Manbij,IED,IED,,25-Jan-19,37S CA 95155 25887,
Marashida,Cross FLOT,,,25-Jan-19,37S FU 77319 18386,
Marashida,Cross FLOT,,,25-Jan-19,,37SEV0085779010
MERV,Cross Border SY-IZ,IA IDF Friendly Fire,,25-Jan-19,37S FU 80107 17147,
Turkey ,Cross Border,IR Beam,,25-Jan-19,,37S DA 96214 62550
Manbij,Cross DML,DSHKA,,26-Jan-19,37S CA 88616 48124,
Manbij,Cross DML,DSHKA,,26-Jan-19,,37SEV0085779010
Manbij,Cross DML,DSHKA,,26-Jan-19,,37SEV0085779010
Manbij,Cross DML,DSHKA,,26-Jan-19,37SDA0028155459,
Manbij,Cross DML,SAF,,26-Jan-19,37SCA8690532987,
Manbij,Cross DML,SAF,,26-Jan-19,,37SEV0085779010
Manbij,Cross DML,SAF,,26-Jan-19,37S CA 78028 39856,
Raqqah,Assassination,,,26-Jan-19,37S DV 98075 78646,
Manbij,IED,IED,,29-Jan-19,37S DA 04216 40939 ,
Raqah ,Assassination,,,29-Jan-19,37S DV 99272 77218,
Raqqah,Assassination,,,29-Jan-19,37S EV 02680 78694,
Raqqah,IED,IED,,29-Jan-19,37S EV 00398 78552,
Raqqah ,Assassination,Attempted,,29-Jan-19,37S EV 00374 78012,
Turkey ,Cross Border,IR Beam,,29-Jan-19,,37S DA 97224 62530
Manbij ,Cross DML,SAF,,30-Jan-19,37S CA 79315 36946,
Manbij ,Cross DML,SAF,,30-Jan-19,,37SEV0085779010
Kobani,Cross Border,DSHKA,,31-Jan-19,37S DA 51565 81010,
Manbij,Civil Disturbance,Demonstration,,31-Jan-19,37SDA0605042983,
Manbij,Cross DML,SAF,,31-Jan-19,37S CA 88626 48952,
Manbij,Hostage Situation,Local Dispute,,1-Feb-19,37S DA 05781 41914,
Manbij,IED,IED,,2-Feb-19,37S DA 04548 42090,
MERV,Cross FLOT,,,2-Feb-19,,37SEV0085779010
Turkey ,Cross Border,IR Beam,,2-Feb-19,,37S DA 96214 62550
Manbij,Cross DML,SAF,,3-Feb-19,,37SEV0085779010
Manbij,Media,,,3-Feb-19,,37SEV0085779010
Turkey ,Cross Border,UAS,,3-Feb-19,,37SEV0085779010
Manbij,Cross DML,SAF,,4-Feb-19,,37S CA 95003 56261
MERV,Cross FLOT,,,4-Feb-19,,37SEV0085779010
Manbij,IED,IED,,5-Feb-19,37SDA0580545230,
Raqqah,IED,IED,,5-Feb-19,37SDV9943479653,
Turkey ,Cross Border,UAS,,5-Feb-19,37S EA 90319 73238,
Manbij,Cross DML,SAF,,6-Feb-19,37S CA 89991 51838,
MERV,Cross FLOT,,,6-Feb-19,,
MERV,Cross FLOT,,,6-Feb-19,37SFU4051976792,
Ras Al Ayn,Cross Border,DSHKA,,7-Feb-19,37S EA 94146 78224,
Gnitra,IED,IED,,9-Feb-19,37S EA 19850 57616,
Raqqah,Assassination,,,9-Feb-19,37S DV 98146 79674,
Raqqah,Attack,Grenade,,9-Feb-19,37S EV 29330 71184,
Manbij,Cross DML,,,10-Feb-19,37S CA 94374 55957 ,
Raqqah,Assassination,Attempted,,10-Feb-19,37S DV 98587 88141,
Tal Abyad,IED,IED,,10-Feb-19,37S EA 09203 59508,
Manbij,Cross DML,DSHKA,,11-Feb-19,37S CA 92662 56976,
Manbij,Cross DML,DSHKA,,12-Feb-19,,
MERV,Cross FLOT,,,12-Feb-19,37S FU 72689 19514,
Raqqah,Assassination,,,12-Feb-19,37S DV 99778 79344,
Turkey ,Cross Border,IR Beam,,12-Feb-19,37S DA 97224 62530,
Diban,Assassination,,,13-Feb-19,37S FU 38248 76826,
Manbij,Cross DML,SAF,,15-Feb-19,37S CA 91729 52810,
Manbij,Cross DML,SAF,,15-Feb-19,37S DA 003745608,
Manbij,Cross DML,DSHKA,,15-Feb-19,37S CA 93176 55028,
Manbij,Cross DML,SAF,,16-Feb-19,37S DA 03720 55020,
Manbij,Cross DML,SAF,,16-Feb-19,37S DA 05333 54495,
Turkey ,Cross Border,IR Beam,,16-Feb-19,37S DA 96214 62550,
Manbij,Cross DML,SAF,,17-Feb-19,37S CA 97271 56860,
Manbij,Cross DML,SAF,,17-Feb-19,37S CA 83554 41086,
Manbij,Cross DML,SAF,,18-Feb-19,37S CA 97271 56860,
Manbij,Cross DML,SAF,,18-Feb-19,37S CA 94374 55957,
Manbij,Cross DML,SAF,,18-Feb-19,,
Raqqah,Assassination,,,18-Feb-19,37S DV 98907 77792,
Raqqah,IED,IED,,18-Feb-19,37S EV 00429 80338,
Raqqah,IED,IED,,18-Feb-19,37S EV 00895 79121,
Kobani,Cross Border,DSHKA,,19-Feb-19,37S DA 20561 81539,
Manbij,Cross DML,DSHKA,,19-Feb-19,37SCA 8383341066,
Manbij,Cross DML,DSHKA,,19-Feb-19,37S DA 05333 54495,
Manbij,Cross DML,DSHKA,,19-Feb-19,37S DA 06411 54236,
Turkey ,Cross Border,IR Beam,,19-Feb-19,37S DA 96214 62550,
Manbij,Cross DML,SAF,,20-Feb-19,37S CA 83555 41088,
Manbij,Cross DML,Mortar ,,20-Feb-19,37S CA 83555 41088,
Manbij,Cross DML,Mortar ,,20-Feb-19,37S CA 82191 39615,
Manbij,Cross DML,DSHKA,,20-Feb-19,37S CA 83555 41088,
Green Village,IED,VBIED,,21-Feb-19,37S FU 33575 84583,
MERV,Cross River,,,21-Feb-19,,37SEV0085779010
MERV,Cross River,,,21-Feb-19,,37SEV0085779010
Raqqah ,Assassination,,,21-Feb-19,,37SEV0085779010
Turkey ,Cross Border,IR Beam,,21-Feb-19,,37S DA 97224 62530
Manbij,Cross DML,SAF,,22-Feb-19,,37SEV0085779010
Manbij,Cross DML,SAF,,22-Feb-19,,37S CA 95003 56261
Manbij,Cross DML,SAF,,22-Feb-19,,37S CA 92195 53510
Manbij,Cross DML,SAF,,22-Feb-19,37S CA 94374 55957,
Manbij,Cross DML,SAF,,22-Feb-19,,37SEV0085779010
Manbij,Cross DML,Illum Rounds,,22-Feb-19,,37SEV0085779010
Manbij,Cross DML,Illum Rounds,,22-Feb-19,37S CA 94374 55957,
Raqqah,IED,IED,,22-Feb-19,37SEV0093478663,
Turkey ,Cross Border,IR Beam,,22-Feb-19,,37S DA 96214 62550
Turkey ,Cross Border,IR Beam,,23-Feb-19,,37SEV0085779010
Jadeed Agidat,Civil Disturbance,Tribal violence,,24-Feb-19,37S FV 23573 01803,
Manbij,Cross DML,SAF,,24-Feb-19,37S DA 05333 54495,
Manbij,Cross DML,SAF,,24-Feb-19,,37SEV0085779010
Raqqah,Assassination,,,24-Feb-19,37SEV 04712 78550,
Manbij,Cross DML,IED,,25-Feb-19,37S CA 94520 56463,
Manbij,Cross DML,PKM,,25-Feb-19,,37SEV0085779010
Manbij,Cross DML,PKM,,25-Feb-19,37S CA 96793 56732,
Turkey ,Cross Border,IR Beam,,25-Feb-19,,37SEV0085779010
Baxdik,Cross Border,SAF,,26-Feb-19,37S DA 69439 67737,
Baxdik,Cross Border,SAF,,26-Feb-19,,37SEV0085779010
Dayr Az Zawr,IED,VBIED,,26-Feb-19,37S FV 13156 16959,
Manbij,Cross DML,PKM,,26-Feb-19,37S CA 88619 48938 ,
Manbij,Cross DML,PKM,,26-Feb-19,,37SEV0085779010
Manbij,Cross DML,PKM,,26-Feb-19,,37SEV0085779010
Manbij,Cross DML,PKM,,26-Feb-19,37S DA 00285 55461,
Raqqah,Assassination,SAF,,26-Feb-19,37SEV0085380090,
Ras Al Ayn,Cross Border,SAF,,26-Feb-19,37S FA 00618 80630,
Turkey ,Cross Border,IR Beam,,26-Feb-19,,37SEV0085779010
Manbij,Cross DML,SAF,,27-Feb-19,37S CA 96793 56732,
Manbij,Cross DML,SAF,,27-Feb-19,,37SEV0085779010
Manbij,Cross DML,SAF,,27-Feb-19,37S CA 94374 55957,
Manbij,Cross DML,SAF,,27-Feb-19,,37SEV0085779010
Turkey ,Cross Border,IR Beam,,28-Feb-19,37S EA 01932 60329,
Turkey ,Cross Border,IR Beam,,28-Feb-19,,37SEV0085779010
Manbij,Cross DML,SAF,,1-Mar-19,37S CA 83293 34621,
Manbij,Cross DML,SAF,,1-Mar-19,,37SEV0085779010
Manbij,IED,Legacy,,1-Mar-19,37SCA8852048955,
Turkey ,Cross Border,IR Beam,,1-Mar-19,37S EA 01932 60329,
Turkey ,Cross Border,IR Beam,,1-Mar-19,,37SEV0085779010
Adwaniyah Village ,IED,IED,,2-Mar-19,37S EA 33848 59133,
Green Village,Media,Media Engagement,,2-Mar-19,37SFU 42480 79824,
Manbij,Cross DML,SAF,,2-Mar-19,37S CA 88619 48938,
Manbij,Cross DML,SAF,,2-Mar-19,,37SEV0085779010
Manbij,Cross DML,SAF,,2-Mar-19,,37SEV0085779010
Manbij,Cross DML,SAF,,2-Mar-19,37SCA 96922 56822,
Raqqah,Attack,Complex Attack,,2-Mar-19,37SEV3928567828,
Turkey ,Cross Border,SAF,,2-Mar-19,37S EA 04462 62715,
Manbij,Cross DML,DSHKA,,3-Mar-19,37S DA 00281 55459,
Manbij,Cross DML,DSHKA,,3-Mar-19,,37SEV0085779010
Manbij,Cross DML,DSHKA,,3-Mar-19,37S DA 00281 55459,
Manbij,Cross DML,DSHKA,,3-Mar-19,,37SEV0085779010
Karamah,Attack,Attempted,,4-Mar-19,37S EV 34564 68611,
Raqqah,Attack,Motorcycle Attack,,4-Mar-19,37S DV 88376 84204,
Tabqah,IED,IED,,4-Mar-19,37S DV 58578 65322,
Tal Abyad,Cross Border,SAF,,5-Mar-19,,37SEV0085779010
Manbij,Cross DML,SAF,,7-Mar-19,37SCA 93176 55028 ,
Manbij,Cross DML,SAF,,7-Mar-19,,37SEV0085779010
Manbij,Cross DML,SAF,,7-Mar-19,37S DA 05333 54495,
Manbij,Cross DML,SAF,,7-Mar-19,,37SEV0085779010
Manbij,Cross DML,SAF,,7-Mar-19,,37SEV0085779010
Manbij,Cross DML,SAF,,7-Mar-19,37S CA 93176 55028,
Manbij,Cross DML,SAF,,7-Mar-19,37S DA 05333 54495,
Manbij,Cross DML,SAF,,7-Mar-19,,37SEV0085779010
Raqqah,Attack,Attack ,,7-Mar-19,37S DV 98455 78470,
Karamah,IED,Recovery,,8-Mar-19,37S EV 24846 68992,
Raqqah,IED,ERW,,8-Mar-19,37S EV 00303 77142,
Raqqah,Cache,,,8-Mar-19,37S DV 98877 77863,
Busayrah,Attack,Ambush,,9-Mar-19,37SFU3117790639,
Manbij,Cross DML,SAF,,9-Mar-19,37S DA 05333 54495,
Manbij,Cross DML,SAF,,9-Mar-19,37S DA 06411 54236,
Manbij,Cross DML,SAF,,9-Mar-19,,37SEV0085779010
Manbij,Cross DML,SAF,,9-Mar-19,,37SEV0085779010
Manbij,IED,Explosion,,9-Mar-19,37S DA 08422 42070,
Manbij,Cross DML,SAF,,11-Mar-19,37S CA 8087 3401,
Manbij,Cross DML,SAF,,11-Mar-19,37S CA 95003 56261,
Manbij,Cross DML,SAF,,11-Mar-19,37S CA 88624 48948,
Turkey ,Cross Border,SAF,,11-Mar-19,37S DA 46460 83334,
Turkey ,Cross Border,SAF,,11-Mar-19,37S DA 46460 83334,
Turkey ,Cross Border,SAF,,11-Mar-19,37S DA 55287 79588,
Turkey ,Cross Border,SAF,,11-Mar-19,37S DA 55287 79588,
Manbij,Cross DML,SAF,,11-Mar-19,,37SEV0085779010
Manbij,Cross DML,SAF,,11-Mar-19,,37SEV0085779010
Manbij,Cross DML,SAF,,11-Mar-19,,37SEV0085779010
Turkey ,Cross Border,SAF,,11-Mar-19,,37SEV0085779010
Turkey ,Cross Border,SAF,,11-Mar-19,,37SEV0085779010
Turkey ,Cross Border,SAF,,11-Mar-19,,37SEV0085779010
Turkey ,Cross Border,SAF,,11-Mar-19,,37SEV0085779010
Manbij,Cross DML,SAF,,12-Mar-19,37SCA 93176 55028,
Manbij,Cross DML,SAF,,12-Mar-19,37SCA 93176 55028,
Manbij,Cross DML,SAF,,12-Mar-19,37SCA 94374 55957,
Manbij,Cross DML,SAF,,12-Mar-19,37SCA 94374 55957,
Manbij,Cross DML,SAF,,12-Mar-19,,37SEV0085779010
Manbij,Cross DML,SAF,,12-Mar-19,,37SEV0085779010
Manbij,Cross DML,SAF,,12-Mar-19,,37SEV0085779010
Manbij,Cross DML,SAF,,12-Mar-19,,37SEV0085779010
Manbij,Cross DML,SAF,,12-Mar-19,,37SEV0085779010
Manbij,Cross DML,SAF,,12-Mar-19,37S CA 93176 55027,
Manbij,Cross DML,SAF,,12-Mar-19,37S CA 79325 36876,
Manbij,Cross DML,SAF,,12-Mar-19,,37SEV0085779010
Manbij,Cross DML,SAF,,12-Mar-19,"37S DA 09014 54658
",
Manbij,Cross DML,SAF,,12-Mar-19,"37S DA 08679 54141
",
Manbij,Cross DML,SAF,,12-Mar-19,,37SEV0085779010
Manbij,Cross DML,SAF,,12-Mar-19,,37SEV0085779010
Manbij,Cross DML,PKM,,13-Mar-19,37S CA 92152 55704,
Manbij,Cross DML,PKM,,13-Mar-19,,37S CA 93176 55028
Manbij ,IED,IED,,13-Mar-19,37SDA 04820 42112,
Manbij,Cross DML,PKM,,14-Mar-19,37S DA 0028 5546,
Manbij,Cross DML,PKM,,14-Mar-19,,37SEV0085779010
Raqqah,IED,Recovery,,14-Mar-19,37S DV 92982 82521,
Ayn Issa ,IED,explosion,,15-Mar-19,37S DA 87087 26818,
Manbij,Cross DML,SAF,,15-Mar-19,37S DA 1098 5251,
Manbij,Cross DML,SAF,,15-Mar-19,37S CA 0028 5546,
Manbij,Cross DML,SAF,,15-Mar-19,,37SEV0085779010
Manbij,Cross DML,SAF,,15-Mar-19,,37SEV0085779010
Manbij,Cross DML,DSHKA,,17-Mar-19,37S DA 08679 54141,
Manbij,Cross DML,DSHKA,,17-Mar-19,,37SEV0085779010
Manbij,Cross DML,DSHKA,,18-Mar-19,37S CA 7932 3688,
Manbij,Cross DML,DSHKA,,18-Mar-19,,37SEV0085779010
Manbij,Cross DML,SAF,,19-Mar-19,37S DA 0028 5546,
Manbij,Cross DML,SAF,,19-Mar-19,,37SEV0085779010
Manbij,Cross DML,DSHKA ,,20-Mar-19,37SCA96795673,
Manbij,Cross DML,DSHKA ,,20-Mar-19,,37SEV0085779010
Manbij,Cross DML,PKM,,20-Mar-19,37S CA 8367 4121,
Manbij,Cross DML,PKM,,20-Mar-19,,37SEV0085779010
Manbij,Cross DML,PKM,,20-Mar-19,37S CA 7932 3687,
Manbij,Cross DML,PKM,,20-Mar-19,,37SEV0085779010
Manbij,Cross DML,PKM,,20-Mar-19,37S CA 8328 3431,
Manbij,Cross DML,PKM,,20-Mar-19,,37SEV0085779010
Manbij,Cross DML,SAF,,22-Mar-19,37SCA8861848961,
Manbij,Cross DML,SAF,,22-Mar-19,,37SEV0085779010
Manbij,Cross DML,SAF,,22-Mar-19,37SDA00285546,
Manbij,Cross DML,SAF,,22-Mar-19,,37SEV0085779010
TURMIL,Cross Border,,,22-Mar-19,,37SEV0085779010
Manbij,Cross DML,DSHKA,,23-Mar-19,37S CA 79361 36885,
Manbij,Cross DML,DSHKA,,23-Mar-19,,37SEV0085779010
Ras Al Ayn,IED,Explosion,,23-Mar-19,37S EA 96557 77568,
Manbij,Cross DML ,DSHKA,,25-Mar-19,37S CA 95003 56261,
Manbij,Cross DML,DSHKA,,25-Mar-19,,37SEV0085779010
Manbij,Cross DML,DSHKA,,25-Mar-19,37S CA 93176 55028,
Manbij,Cross DML,DSHKA,2040z,25-Mar-19,,37SEV0085779010
Manbij,Attack,SAF,2130z,25-Mar-19,37S DA 02955 41963,
Diban,Media,Reporting,,26-Mar-19,,
Manbij,Attack,SAFIRE,,26-Mar-19,37S DA 0564 4000,
Manbij,Attack,SAFIRE,,26-Mar-19,,37SEV0085779010
Manbij,Attack,SAFIRE,,26-Mar-19,,37S DA 0564 4000
Manbij,Cross DML,SAFIRE,,28-Mar-19,37SCA9500356261,
Manbij,Cross DML,SAFIRE,,28-Mar-19,,37SEV0085779010
Tal Abyad,Cross Border,DSHKA,,29-Mar-19,37S EA 11154 59129  ,
Tal Abyad,Cross Border,DSHKA,,29-Mar-19,37S EA 00278 62068,
Tal Abyad,Cross Border,DSHKA,,29-Mar-19,,37SEV0085779010
Manbij,Cross DML,PKM,,31-Mar-19,37S CA 95003 56261,
Manbij,Cross DML,PKM,,31-Mar-19,,37SEV0085779010
Manbij,Cross DML,PKM,,31-Mar-19,37S CA 95003 56261,
Manbij,Cross DML,PKM,,31-Mar-19,37S CA 94374 55957,
Manbij,Cross DML,PKM,,31-Mar-19,,37SEV0085779010
Manbij,Attack,SAF,,31-Mar-19,37S CA 95282 23228,
Manbij,Attack,SAF,,31-Mar-19,,37SEV0085779010
Manbij,Cross DML,PKM,,1-Apr-19,37S CA 88624 48948,
Manbij,Cross DML,PKM,,1-Apr-19,,37SEV0085779010
Manbij,Cross DML,PKM; DSHKA,,2-Apr-19,37S DA 049 548,
Manbij,Cross DML,PKM; DSHKA,,2-Apr-19,37S DA 0293 5563,
Manbij,Cross DML,PKM; DSHKA,,2-Apr-19,37S DA 0372 5502,
Manbij,Cross DML,PKM; DSHKA,,2-Apr-19,,37SEV0085779010
Manbij,Cross DML,PKM; DSHKA,,2-Apr-19,,37SEV0085779010
Manbij,Cross DML,PKM; DSHKA,,2-Apr-19,,37SEV0085779010
Raqqah,IED,ERW,,3-Apr-19,37S EV 29330 71184 ,
Tal Abyad,Cross Border,IR Beam,,3-Apr-19,37SDA96246290,
Tal Abyad,Cross Border,IR Beam,,3-Apr-19,,37SEV0085779010
Raqqah,Civil Disturbance,Demonstration,,4-Apr-19,37SEV0212877627,
Darik,Attack,Riot,,6-Apr-19,38S KG 47048 18300 ,
Manbij,Cross DML ,PKM,,6-Apr-19,37S CA 7932 3688,
Manbij,Cross DML,PKM,,6-Apr-19,,37SEV0085779010
Manbij,Cross DML,PKM,,6-Apr-19,37S CA 94374 55957,
Manbij,Cross DML,PKM,,6-Apr-19,,37SEV0085779010
Manbij,Cross DML,DSHKA,,6-Apr-19,37S CA 79325 36876,
Manbij,Cross DML,DSHKA,,6-Apr-19,37S CA 80659 34136,
Manbij,Cross DML,DSHKA,,6-Apr-19,,37SEV0085779010
Manbij,Cross DML,DSHKA,,6-Apr-19,,37SEV0085779010
Qamishli,Cross Border,,,6-Apr-19,,37SEV0085779010
Qamishli,Cross Border,,,6-Apr-19,,37SEV0085779010
Arimah Extension,Cross DML,DSHKA,,6-Apr-19,37S CA 86662 32328,
Arimah Extension,Cross DML,DSHKA,,6-Apr-19,,37SEV0085779010
Shaddadi,UAS,,,6-Apr-19,,37SEV0085779010
Manbij,Cross DML,DSHKA,,7-Apr-19,37S CA 8999 5184,
Manbij,Cross DML,DSHKA,,7-Apr-19,,37SEV0085779010
Manbij,Cross DML,DSHKA,,8-Apr-19,37S CA 7932 3688,
Manbij,Cross DML,DSHKA,,8-Apr-19,37S CA 80530 3448,
Manbij,Cross DML,DSHKA,,8-Apr-19,,37SEV0085779010
Tabqah,Attack,Explosion,,8-Apr-19,37S DV 58668 65140  ,
Tabqah,Attack,Explosion,,8-Apr-19,37S DV 59001 65777,
Manbij,Cross DML,DSHKA,2105z,8-Apr-19,,37SEV0085779010
Tabqah,IED,Detonation,,8-Apr-19,,
Shaddadi ,IED,Explosion,0937z,9-Apr-19,37S FV 51129 92216 ,
Manbij ,Cross DML,DSHKA,1929z,9-Apr-19,37S CA 93137 54928,
Manbij ,Cross DML ,DSHKA ,1929z,9-Apr-19,,37SEV0085779010
Manbij ,Cross DML ,DSHKA,1946z,9-Apr-19,37S CA 95003 56261,
Manbij ,Cross DML ,DSHKA,1946z,9-Apr-19,,37SEV0085779010
Manbij ,Cross DML ,DSHKA,1953z,9-Apr-19,37S CA 91729 52821,
Manbij ,Cross DML ,DSHKA,1953z,9-Apr-19,,37SEV0085779010
Manbij ,Cross DML ,DSHKA,2045z,9-Apr-19,37S CA 9173 5282,
Manbij ,Cross DML ,DSHKA,2045z,9-Apr-19,,37SEV0085779010
Manbij ,Cross DML ,DSHKA ,2045z,9-Apr-19,,37SEV0085779010
Busayrah,Attack,Ambush,2105z,9-Apr-19,37S FU 37200 78087,
Manbij,Cross DML,DSHKSA,0908z,10-Apr-19,37S CA 80577 34275,
Manbij,Cross DML,DSHKSA,0908z,10-Apr-19,,37SEV0085779010
Jadidah,IED,Explosion,2230z,9-Apr-19,37SEV3727468394,
Abu Hamam,Attack,SAF,1730z,10-Apr-19,37SFU5191854788,
Manbij ,IED,Explosion,0739z,11-Apr-19,37S DA 06839 43607,
Manbij ,IED,Explosion,0739z,11-Apr-19,37S DA 05412 42876,
Busayrah,IED,Explosion ,,9-Apr-19,37SFU3051093298,
Manbij,Cross DML,PKM,1855z,11-Apr-19,37S CA 94392 56027,
Manbij,Cross DML,PKM,1855z,11-Apr-19,,37SEV0085779010
Manbij,Cross DML,Mortar ,1412z,12-Apr-19,37S CA 80893 33971,
Manbij,Cross DML,Mortar ,1412z,12-Apr-19,,37SEV0085779010
Darbasiyah,Cross Border,,1530z,13-Apr-19,37S FB 55866 08078,
Manbij,IED,Explosion,1915z,13-Apr-19,37S DA 02929 39561,
Manbij,Cross DML,DSHKA,0942z,14-Apr-19,37S DA 02462 55646,
Manbij,Cross DML,DSHKA,0942z,14-Apr-19,37S DA 02122 56118,
Manbij,Cross DML,DSHKA,0942z,14-Apr-19,,37SEV0085779010
Tal Abyad,IED,Explosion,1600z,14-Apr-19,37S EA 08289 59785,
Jadeed Agidat,Attack,Ambush,1105z,15-Apr-19,37S FV 24432 04317,
Shaed Saaid,Cross DML,DSHKA,1259z,15-Apr-19,37S CA 84207 32797,
Shaed Saaid,Cross DML,DSHKA,1259z,15-Apr-19,37S CA 83450 32609,
Shaed Saaid,Cross DML,DSHKA,1259z,15-Apr-19,,37SEV0085779010
Shaed Saaid,Cross DML,DSHKA,1259z,15-Apr-19,,37SEV0085779010
Baghuz,Detonation,Grenade,1600z,15-Apr-19,37S FU 81192 13698,
Suluk,IED,Explosion,0100z,16-Apr-19,37S EA 10591 50282,
Manbij,Cross DML,PKM,1947z,16-Apr-19,37S DA 01232 55529,
Manbij,Cross DML,PKM,1947z,16-Apr-19,,37SEV0085779010
Manbij,Cross DML,SAF,1102z,17-Apr-19,37S CA 96793 56732,
Manbij,Cross DML,SAF,1102z,17-Apr-19,,37SEV0085779010
Manbij,Cross DML,SAF,1521z,17-Apr-19,37S DA 02462 55646,
Manbij,Cross DML,SAF,1521z,17-Apr-19,,37SEV0085779010
Manbij,IED,Explosion,1500z,17-Apr-19,37SCA 96523 45245,
As Susah,IED,Detonation,0300z,18-Apr-19,37S FU 80288 23131,
Diban,Attack,Motorcycle Attack,0600z,18-Apr-19,37S FU 37847 75805,
Ras Al Ayn,Cross Border,,1500z,18-Apr-19,37S FA 04019 81219,
Ras Al Ayn,Cross Border,,1500z,18-Apr-19,,37SEV0085779010
Kobani,UAS,,1745z,17-Apr-19,37S DA 43241 81276,
Manbij,Cross DML,SAF,0820Z,19-Apr-19,37S DA 05319 54526,
Manbij,Cross DML,SAF,0820Z,19-Apr-19,,37S DA 05319 54526
Manbij,Cross DML,PKM,1207z,19-Apr-19,37S CA 83554 41086,
Manbij,Cross DML,PKM,1207z,19-Apr-19,,37SEV0085779010
Manbij,Cross DML,SAF,1231z,19-Apr-19,37S DA 0855 5530,
Manbij,Cross DML,SAF,1231z,19-Apr-19,,37SEV0085779010
Manbij,IED,Detonation,1703z,19-Apr-19,37SDA 05703 43163,
Dayr Az Zawr,Cross DML,IDF,1730z,21-Apr-19,37S FV 16922 08912,
Dayr Az Zawr,Cross FLOT,IDF,1730z,21-Apr-19,,37SEV0085779010
Manbij,IED,VBIED,0935z,22-Apr-19,37S DA 06815 41991,
Diban,IED,Explosion,1520z,22-Apr-19,37S FU 38374 76682,
Raqqa,IED,ERW,1145z,22-Apr-19,37S DV 99544 78871,
Manbij,Cross DML,PKM,1613Z,22-Apr-19,37S DA 06471 54374,
Manbij,Cross DML,PKM,1613Z,22-Apr-19,,37SEV0085779010
Baghuz,IED,Explosion,1330z,23-Apr-19,37S FU 794 145,
Daryik,UAS,,0650z,24-Apr-19,37S GB 40750 08995,
Daryik,UAS,,0650z,24-Apr-19,,37SEV0085779010
Daryik,Cross Border,SAF,0650z,24-Apr-19,37S GB 40750 08995,
Daryik,Cross Border,SAF,0650z,24-Apr-19,,37SEV0085779010
Diban,Attack,SAF,0915z,25-Apr-19,37S FU 43889 69203,
Manbij,Cross DML,SAF,2017z,25-Apr-19,37S DA 00308 55466,
Manbij,Cross DML,SAF,2017z,25-Apr-19,,37SEV0085779010
Manbij,IED,Explosion,1220z,26-Apr-19,,37SEV0085779010
Manbij,IED,Explosion,1220z,26-Apr-19,,37SEV0085779010
Manbij,Cross DML,SAF,2119z,26-Apr-19,,37SEV0085779010
Manbij,Cross DML,SAF,2119z,26-Apr-19,37S CA 79242 36916,
Raqqah,Attack,Grenade,1730Z,26-Apr-19,37S EV 00811 78067,
Raqqah,IED,Explosion,1730z,26-Apr-19,37S EV 00811 78067,
Manbij,Cross DML,DSHKA/PKM,1740z,27-Apr-19,37S DA 05335 54502,
Manbij,Cross DML,DSHKA/PKM,1740z,27-Apr-19,,37SEV0085779010
Tal Abyad,Cross Border,SAF,0315z,28-Apr-19,37S DA 87845 61206,
Tal Abyad,Cross Border,SAF,0315z,28-Apr-19,,37SEV0085779010
Manbij,Cross DML,SAF,1645z,28-Apr-19,,37SEV0085779010
Manbij,Cross DML,SAF,1645z,28-Apr-19,37S CA 83458 41075,
Manbij,Cross DML,SAF,1913z,28-Apr-19,,37SEV0085779010
Manbij,Cross DML,SAF,1913z,28-Apr-19,37S CA 95030 56253,
Manbij,Cross DML,SAF,1913z,28-Apr-19,37S CA 94374 55957,
Manbij,Cross DML,SAF,1840z,28-Apr-19,,37SEV0085779010
Manbij,Cross DML,SAF,1840z,28-Apr-19,37S CA 87039 44758,
Tabqah,Cross FLOT,SAF,2025z,28-Apr-19,,37SEV0085779010
Tabqah,Cross FLOT,SAF,2025z,28-Apr-19,37S EV 18120 65737,
Tal Abyad,Cross Border,SAF,1843z,28-Apr-19,,37SEV0085779010
Tal Abyad,Cross Border,SAF,1843z,28-Apr-19,37S DA 87770 61011,
Manbij,Cross DML,SAF,2150z,28-Apr-19,,37SEV0085779010
Manbij,Cross DML,SAF,2150z,28-Apr-19,37S CA 9500 5626,
Raqqah,Attack,SAF,2000z,28-Apr-19,37S DV 99519 76552,
Raqqah,IED,Explosion,1740z,29-Apr-19,37S EV 00619 78875,
Manbij,Cross DML,SAF,1809z,29-Apr-19,,37SEV0085779010
Manbij,Cross DML,SAF,1809z,29-Apr-19,37S CA 91858 53383,
Green Village,IED,Explosion,2000z,30-Apr-19,37S FU 36651 87488,
Manbij,Cross DML,SAF,2145z,30-Apr-19,,37SEV0085779010
Manbij,Cross DML,SAF,2145z,30-Apr-19,37S CA 89414 50944,
Manbij,Cross DML,SAF,2145z,30-Apr-19,37S CA 89643 51274,
Manbij,Cross DML,SAF,2105z,30-Apr-19,,37SEV0085779010
Manbij,Cross DML,SAF,2105z,30-Apr-19,37S CA 93176 55028,
Baghuz,IED,,0930z,1-May-19,37S FU 78900 14800,
Susah,IED,,1030z,1-May-19,37S FU 78090 27020,
Jaysh al Thuwar,IED,,1048z,1-May-19,37S DA 02201 40940,
Manbij,Cross DML,SAF,1543z,1-May-19,,37SEV0085779010
Manbij,Cross DML,SAF,1543z,1-May-19,37S DA 05329 54501,
Dahla,Assassination,SAF,1800z,1-May-19,,37SEV0085779010
Ras Al Ayn,Cross Border,SAF,1900z,1-May-19,37S EA 98176 80005,
Ras Al Ayn,Cross Border,SAF,1900z,1-May-19,,37SEV0085779010
Qamishli,Cross Border,SAF,1930z,1-May-19,37S GB 07836 05462,
Qamishli,Cross Border,SAF,1930z,1-May-19,,37SEV0085779010
Green Village,Attack,SAF,1200z,3-May-19,37S FU 46082 64031,
Tal Abyad,Cross Border,SAF,2025z,3-May-19,,37SEV0085779010
Tal Abyad,Cross Border,SAF,2025z,3-May-19,37S DA 86703 60967,
Manbij,Cross DML,SAF,2132z,3-May-19,37S CA 8862 4895,UNK
Manbij,Cross DML,SAF,2348z,3-May-19,,37SEV0085779010
Manbij,Cross DML,SAF,2348z,3-May-19,37S CA 8785 4736,
Karamah,Cross FLOT,SAF,2000z,3-May-19,,37SEV0085779010
Karamah,Cross FLOT,SAF,2000z,3-May-19,37S EV 19351 68490,
Manbij,Cross DML,SAF,1712z,4-May-19,37S CA 93876 56962,
Manbij,Cross DML,SAF,1712z,4-May-19,,37SEV0085779010
Manbij,Cross DML,SAF,2019z,4-May-19,,37S CA 86700 48760
Manbij,Cross DML,SAF,2019z,4-May-19,37S CA 88624 48948,
Manbij,Cross DML,SAF,2216z,4-May-19,,37SEV0085779010
Manbij,Cross DML,SAF,2216z,4-May-19,37S CA 8087 3402,
Shaddadi,UAS,,2335z,4-May-19,,37SEV0085779010
Shaddadi,UAS,,0045z,4-May-19,,37SEV0085779010
Qamishli,Cross Border,SAF,1900z,4-May-19,,37SEV0085779010
Qamishli,Cross Border,SAF,1900Z,4-May-19,,37SEV0085779010
Manbij,Cross DML,SAF,1900z,5-May-19,,37SEV0085779010
Manbij,Cross DML,SAF,1900z,5-May-19,37S DA 00302 55491,
Manbij,IED,Detonation,1733z,5-May-19,37S DA 06451 42262,
Manbij,Cross DML,SAF,1605z,6-May-19,,37SEV0085779010
Manbij,Cross DML,SAF,1605z,6-May-19,37S CA 77935 40182,
Green Village,IED,Detonation,1915z,6-May-19,37S FU 35837 79314,
Abu Khasab,Attack,SAF,1900z,5-May-19,37S EV 92160 78530,
Manbij,Cross DML,SAF,1845z,7-May-19,37S CA 95012 56273,
Manbij,Cross DML,SAF,1845z,7-May-19,,37SEV0085779010
Green Village,Assassination,SAF,1545z,7-May-19,37S FV 39850 09551,
Tal Abyad,Cross Border,SAF,0930z,8-May-19,,37SEV0085779010
Tal Abyad,Cross Border,SAF,9030z,8-May-19,37S DA 77182 62177,
Manbij,IED,Detonation,0900z,8-May-19,,37SEV0085779010
Manbij,Cross DML,SAF,1944z,8-May-19,,37SEV0085779010
Manbij,Cross DML,SAF,1944z,8-May-19,37S DA 02921 55592,
Tayani,Attack,Ambush,2130z,8-May-19,37S FU 40177 72625,
Tal Abyad,Cross Border,SAF,0930z,8-May-19,,37SEV0085779010
Tal Abyad,Cross Border,SAF,0930z,8-May-19,37S DA 77182 62177,
Tal Abyad,Cross Border,SAF,1930z,8-May-19,37S DA 75985 62379,
Tal Abyad,Cross Border,SAF,1930z,8-May-19,,37SEV0085779010
Busayrah,Assassination,SAF,2000z,8-May-19,37S FU 30193 90742,
Tal Abyad,Cross Border,SAF,0700z,9-May-19,,37SEV0085779010
Tal Abyad,Cross Border,SAF,0700z,9-May-19,37S DA 84578 61729,
Manbij,Cross DML,SAF,2020z,9-May-19,,37SEV0085779010
Manbij,Cross DML,SAF,2020z,9-May-19,,37SEV0085779010
Manbij,Cross DML,SAF,2020z,9-May-19,37S CA 9905 5558,
Manbij,Cross DML,SAF,2020z,9-May-19,37S DA 0028 5546,
Manbij,Cross DML,SAF,2023z,9-May-19,,37SEV0085779010
Manbij,Cross DML,SAF,2023z,9-May-19,37S DA 0210 5604,
Manbij,Cross DML,SAF,2229z,9-May-19,,37SEV0085779010
Manbij,Cross DML,SAF,2229z,9-May-19,37S CA 8785 4736,
Tal Abyad,Cross Border,SAF,1430z,10-May-19,,37SEV0085779010
Tal Abyad,Cross Border,SAF,1430z,10-May-19,37S DA 86946 60893,
Manbij,Cross DML,SAF,1944z,10-May-19,,37SEV0085779010
Manbij,Cross DML,SAF,1944z,10-May-19,37S DA 0028 5546,
Suwaydan,Attack,SAF,1130z,10-May-19,37S FU 47662 66503,
Manbij,Cross DML,SAF,2018z,10-May-19,,37SEV0085779010
Manbij,IED,,2018z,10-May-19,37S DA 0533 5450,
Green Village,IED,Detonation,1130z,10-May-19,37S FU 49715 60936,
Green Village,IED,Detonation,0700z,10-May-19,37S FU 49716 60914,
Mansurah,Attack,SAF,0745z,11-May-19,37S DV 77535 64379,
Manbij,Cross DML,SAF,1749z,11-May-19,,37SEV0085779010
Manbij,Cross DML,SAF,1749z,11-May-19,37S DA 0028 5546,
Manbij,Cross DML,SAF,1749z,11-May-19,,37SEV0085779010
Manbij,Cross DML,SAF,1848z,11-May-19,,37SEV0085779010
Manbij,Cross DML,SAF,1848z,11-May-19,37S DA 0887 5450 ,
Manbij,Cross DML,SAF,1848z,11-May-19,37S DA 0879 5421,
Manbij,Cross DML,SAF,1848z,11-May-19,37S DA 0868 5414,
Manbij,Cross DML,SAF,1952z,11-May-19,,37SEV0085779010
Manbij,Cross DML,SAF,1952z,11-May-19,37S DA 0533 5450,
Manbij,Cross DML,SAF,1917z,11-May-19,,37SEV0085779010
Manbij,Cross DML,SAF,1917z,11-May-19,37S DA 0028 5546,
Manbij,Cross DML,SAF,1917z,11-May-19,37S CA 9905 5558,
Manbij,Cross DML,SAF,2055z,11-May-19,,37SEV0085779010
Manbij,Cross DML,SAF,2055z,11-May-19,37S CA 9905 5558,
Tal Abyad,Cross Border,SAF,1615z,12-May-19,,37SEV0085779010
Tal Abyad,Cross Border,SAF,1615z,12-May-19,37S DA 84578 61729,
Manbij,UAS,UAS,1800z,12-May-19,,37SEV0085779010
Manbij,Cross DML,SAF,2125z,12-May-19,,37SEV0085779010
Manbij,Cross DML,SAF,2125z,12-May-19,37S DA 0010 5532,
Manbij,Cross DML,SAF,0013z,13-May-19,,37SEV0085779010
Manbij,Cross DML,SAF,0013z,13-May-19,37S CA 8087 3402,
Manbij,Cross DML,SAF,2310z,13-May-19,,37SEV0085779010
Manbij,Cross DML,SAF,2310z,13-May-19,37S CA 8368 4113,
Manbij,Cross DML,SAF,1805z,14-May-19,,37SEV0085779010
Manbij,Cross DML,SAF,1805z,14-May-19,37S DA 06456 54368,
Tal Abyad,Cross Border,SAF,2230z,14-May-19,37S DA 96093 62105,
Tal Abyad,Cross Border,SAF,2230z,14-May-19,,UNK
Tal Abyad,Cross Border,SAF,2350z,14-May-19,,37SEV0085779010
Tal Abyad,Cross Border,SAF,2350z,14-May-19,UNK,
Manbij,Cross DML,SAF,1031z,15-May-19,,37SEV0085779010
Manbij,Cross DML,SAF,1031z,15-May-19,37S DA 00306 55459,
Manbij,IED,MBIED,0730z,15-May-19,37SDA 05674 38373,
Manbij,Cross DML,SAF,2056z,15-May-19,37S CA 9437 5596,
Manbij,Cross DML,SAF,2056z,15-May-19,37S CA 9318 5503,
Manbij,Cross DML,SAF,2056z,15-May-19,,37SEV0085779010
Manbij,Cross DML,SAF,2056z,15-May-19,,37SEV0085779010
Manbij,IED,VBIED ,1301z,16-May-19,37SDA 06521 43623,
Manbij,Cross DML,SAF,1831z,16-May-19,,37S DA 03430 56090
Manbij,Cross DML,SAF,1831z,16-May-19,37S DA 02931 55633,
Tal Abyad,IED,Detonation,1200Z,15-May-19,37S DA 99076 61901,
Manbij,Cross DML,SAF,1831z,16-May-19,,37S DA 03430 56090
Manbij,Cross DML,SAF,1831z,16-May-19,37S DA 02931 55633,
Manbij,Cross DML,SAF,2152Z,16-May-19,37S DA 0293 5563,
Manbij,Cross DML,SAF,2152Z,16-May-19,,37S DA 0340 5611
Manbij,UAS,UAS,2300z,16-May-19,,37S CA 8964 5127 
Manbij,UAS,UAS,0027z,17-May-19,,37S CA 8999 5184 
Raqqah,IED,RCIED,1030Z,17-May-19,,37S EV 03514 78802
Tal Abyad,Cross Border,IDF,1330Z,18-May-19,,37S DA 76302 63432
Tal Abyad,Cross Border,IDF,1330Z,18-May-19,37S DA 77188 62190,
Manbij,UAS,,2240Z,18-May-19,,37S CA 94821 39553 
Manbij,UAS,,2240Z,18-May-19,37S CA 94821 39553 ,
Raqqah,IED,,1740,18-May-19,37S DV 98803 78835,
Raqqah,IED,,2000Z,18-May-19,37SEV0125079308,
Shaheel,Vbied,,0800Z,18-May-19,37S FU 32033 86410,
Manbij,Cross Border Fire,,0149Z,19-May-19,,37S EA 90826 75944
Manbij,Cross DML,,2023Z,19-May-19,37S DA 03720 55020,
Manbij,Cross DML,,2023Z,19-May-19,,37S DA 04352 56618
Manbij,Cross DML,,0316Z,19-May-19,37S CA 9679 5673,
Manbij,Cross DML,,0316Z,19-May-19,,37S CA 9737 5733
Dayrik,Turkish Digging,,,19-May-19,,37S GB 57063 15319
Manbij,Cross DML,,1612Z,19-May-19,37S CA 83515 41099,
Manbij,Cross DML,,1612Z,19-May-19,,37S CA 83103 42049
Manbij,IED,,1655Z,19-May-19,,37S DA 06486 43151
Manbij,UAS,,0002-0103Z,19-May-19,,37S CA 9482 3955 
Manbij,UAS,,0046-0106Z,19-May-19,,37S CA 9482 3955 
Manbij,UAS,,1840Z,20-May-19,,37S DA 00118 61251
Raqqah,Stabbing,,1730Z,22-May-19,,37S EV 16815 76451
Bughaz,Cross DML,,1504Z,22-May-19,,37S CA 77557 36907
Bughaz,Cross DML,,1504Z,22-May-19,37S CA 79355 37182,
Manbij,Cross DML,,1952Z,22-May-19,,37S CA 90011 53141
Manbij,Cross DML,,1952Z,22-May-19,37S CA 89980 51863,
Manbij,IDF,,1700Z,22-May-19,37S DA 16766 69325,
Manbij,Cross DML,SAF,1617Z,23-May-19,,37S CA 97253 57403
Manbij,Cross DML,SAF,1617Z,23-May-19,37S CA 96901 56840,
Manbij,Cross DML,SAF,1626Z,23-May-19,,37S CA 90156 53259
Manbij,Cross DML,SAF,1626Z,23-May-19,37S CA 91759 53376,
Tall Tamir/Hasakah,SVBIED,,0830Z,23-May-19,,37S FA 22306 57329
Manbij,Photography,,1600Z,24-May-19,,37S DA 43273 81464
Tabqah,Cross FLOT,SAF,0100Z,25-May-19,37S EV 1908968638,
Tabqah,Cross FLOT,SAF,0100Z,25-May-19,,UNK
Raqqah,IED,Detonation,0815z,25-May-19,,37S DV 99026 78948
Manbij,UAS,,2109z,24-May-19,,37S DA 004 573
Manbij,UAS,,1800z,25-May-19,,37S CA 94821 39553
Raqqah,IED,RCIED,1830z,25-May-19,,37S DV 98694 78520
Raqqah,IED,,1912z,25-May-19,,37S EV 00774 78368
Manbij,UAS,UAS,1857z,26-May-19,37S CA 95003 56261,
Manbij,Cross DML,SAF,2132z,26-May-19,,37S CA 9468 5721
Manbij,Cross DML,SAF,2132z,26-May-19,37S CA 9500 5626,
Manbij,UAS,,2300z,26-May-19,,37S DA 00281 55459
Busayrah,MBIED,Detonation,0845z,27-May-19,,37S FU 30078 91368
Kobani,UAS,,2036Z,27-May-19,,37S DA 37512 56183
Tayannah,IED,,2030Z,27-May-19,,37S FU 41169 70908
Tal Abyad,IED,Detonation,0530z,28-May-19,,37S EA 08319 46455
Mansurah,Cross FLOT,,2215Z,28-May-19,37S DV 79290 49310,
Mansurah,Cross FLOT,,2215Z,28-May-19,,37S DV 79088 47912
Raqqah,IED,Explosion,0330z,29-May-19,,37S EV 00116 77675
Manbij,Cross DML,,1929Z,29-May-19,,37S CA 99531 56620
Manbij,Cross DML,,1929Z,29-May-19,37S CA 99041 55616,
Jurdi,IED,IED Emplacement,2230z,29-May-19,,37S FU 49657 61986
Tayanni,IED,Detonation,0700z,30-May-19,,37S FU 40261 74270
Manbij,Cross DML,SAF,1052z,31-May-19,,37S CA 99531 56620
Manbij,Cross DML,SAF,1052z,31-May-19,37S CA 99041 55616,
Manbij,Cross DML,SAF,2030z,31-May-19,,37S DA 00071 56294
Manbij,Cross DML,SAF,2030z,31-May-19,37S DA 00288 55475,
Manbij,Cross DML,Sniper fire,2040z,31-May-19,,37S DA 0008 5641
Manbij,Cross DML,Sniper fire,2040z,31-May-19,37S DA 0128 5553,
Manbij,Cross DML,SAF,2332z,31-May-19,,37S CA 9222 5554
Manbij,Cross DML,SAF,2332z,31-May-19,37S CA 9389 5541,
Kobani,Cross River,Mortars,1720z,1-Jun-19,,37S DA 43284 81253
Kobani,Cross River,Mortars,1720z,1-Jun-19,37S DA 14900 70252,
Manbij,Cross DML,Dishka ,1855z,1-Jun-19,,37S CA 77652 36674
Manbij,Cross DML,Dishka ,1855z,1-Jun-19,37S CA 79325 36876,
Kobani,Cross DML ,Illumination rounds,1720z,1-Jun-19,,37S DA 14900 70252
Kobani,Cross DML ,Illumination rounds,1720z,1-Jun-19,37S DA 43284 81253,
KLZ,Attack,Drive by,2310z,1-Jun-19,,37S DA 3678 5426
Raqqah,IED,VBIED,2120z,1-Jun-19,,37S EV 00826 78929
Raqqah,IED,VBIED,2125z,1-Jun-19,,37S EV 00580 78444
Manbij,Cross DML,SAF,2233z,1-Jun-19,37S CA 7822 4011,
Aleppo,Drive By,SAF,2310z,1-Jun-19,37S DA 3678 5426,
Raqqah,Vbied,Detonation,1820z,1-Jun-19,37S EV 00826 78929,
Raqqa,Vbied,Detonation,1820z,1-Jun-19,37S EV 00580 78444,
Manbij,Cross DML,SAF,1917z,2-Jun-19,,37S CA 97237 57525
Manbij,Cross DML,SAF,1917z,2-Jun-19,37S CA 96793 56732,
Tal Abyad,Cross Border,SAF,0015z,3-Jun-19,,37S DA 88140 62065
KLZ,UAS,,0050z,3-Jun-19,,37S DA 37280 57178
Jurdi,IED,Detonation,1300z,3-Jun-19,37S FU 52454 61702,
Manbij,Cross Border,SAF,1809z,4-Jun-19,,37S CA 77652 36674
Manbij,Cross Border,SAF,1809z,4-Jun-19,37S CA 79241 36931,
Manbij,Cross Border,SAF,1830z,4-Jun-19,,37S DA 0557 5611 
Manbij,Cross Border,SAF,1830z,4-Jun-19,37S DA 05333 54495,
Shahil,IED,Detonation,2000z,4-Jun-19,37S FU 31860 87677,
Dayr Az Zawr,IED,detonation,1945z,5-Jun-19,37S FU 363 875,
Manbij,VBIED,Detonation,2120z,5-Jun-19,37S CA 8797 3279,
Manbij,UAS,UAV,1810z,6-Jun-19,,37S CA 96014 56797
Manbij,Cross DML,SAF,2056Z,7-Jun-19,,37S CA 8474 2967 
Manbij,Cross DML,SAF,2056Z,7-Jun-19,37S CA 8721 3248,
Green Village,IED,VBIED,0900z,10-Jun-19,37S FV 41681 01370,
Suwar,Attack,Ambush,0910z,11-Jun-19,37S FV 50229 24401,
Manbij,Cross DML,SAF,1848z,11-Jun-19,,37S DA 00103 56208
Manbij,Cross DML,SAF,1848z,11-Jun-19,37S DA 01229 55531,
Kobani,Cross Border Fire,SAF,1802z,11-Jun-19,,37S DA 13604 77639
Kobani,Cross Border Fire,SAF,1802z,11-Jun-19,37S DA 13742 77713,
Green Village,IED,,1930z,11-Jun-19,,37S FU 679 405
Manbij,Cross DML,SAF,0745z,11-Jun-19,,37S CA 9723 5752
Manbij,Cross DML,SAF,0745z,11-Jun-19,37S CA 9695 5683,
Green Village,IED,,0830z,12-Jun-19,,37SFU3936386080
Manbij,Cross DML,SAF,1822z,12-Jun-19,,37S CA 86741 48922
Manbij,Cross DML,SAF,1822z,12-Jun-19,37S CA 88624 48948,
Manbij,Cross DML,SAF,2046z,12-Jun-19,,37S DA 0258 5652
Manbij,Cross DML,SAF,2046z,12-Jun-19,37S DA 0210 5604,
Manbij,Cross DML,SAF,1443z,13-Jun-19,,37S DA 03088 56278
Manbij,Cross DML,SAF,1443z,13-Jun-19,37S DA 02915 55568,
Manbij,Cross DML,SAF,1720z,13-Jun-19,,37S CA 86700 48760
Manbij,Cross DML,SAF,1720z,13-Jun-19,37S CA 87753 47376,
Raqqah,IED,Detonation,1800z,13-Jun-19,,37SEV0052878828
Raqqah,IED,Detonation,1830z,13-Jun-19,,37SEV0092878329
Manbij,Cross DML,SAF,2017z,14-Jun-19,,37S DA 13549 54907
Manbij,Cross DML,SAF,2017z,14-Jun-19,37S DA 14272 54845,
Hasakah,MBIED,Detonation,0800Z,15-Jun-19,37SFA5769043075,
Manbij,Cross DML,SAF,1659z,15-Jun-19,,37S CA 93838 56908
Manbij,Cross DML,SAF,1659z,15-Jun-19,37S CA 95003 56271,
Manbij,Cross DML,,1622z,15-Jun-19,,37S DA 02931 55633
Manbij,Cross DML,,1622z,15-Jun-19,37S DA 02931 55633,
Manbij,Cross Border,SAF,1749z,15-Jun-19,,37S CA 77652 36674
Manbij,Cross Border,SAF,1749z,15-Jun-19,37S CA 79294 36939,
Manbij,Cross DML,RPG/DISHKA,1830z,15-Jun-19,,37S DA 0278 5637 
Manbij,Cross DML,RPG/DISHKA,1830z,15-Jun-19,37S DA 0293 5563,
Manbij,Cross DML,SAF,1900z,15-Jun-19,,37S CA 96316 57636
Manbij,Cross DML,SAF,1900z,15-Jun-19,37S CA 96014 56797,
Manbij,Cross DML,Dishka ,1822z,16-Jun-19,,37S DA 05450 55741
Manbij,Cross DML,Dishka ,1822z,16-Jun-19,37S DA 05333 54495,
Manbij,Cross DML,Dishka ,1848z,16-Jun-19,,37S CA 91878 56159
Manbij,Cross DML,Dishka ,1848z,16-Jun-19,37S CA 93176 55028,
Manbij,Cross DML,Dishka ,1858z,16-Jun-19,,37S CA 77652 36674
Manbij,Cross DML,Dishka ,1858z,16-Jun-19,37S CA 79325 36876,
Manbij,Cross DML,Dishka ,1917z,16-Jun-19,,37S DA 02566 56636
Manbij,Cross DML,Dishka ,1917z,16-Jun-19,37S DA 02460 55729,
Qamishli,IED,VBIED,1200z,17-Jun-19,,37S FB 98243 03339
Manbij,Cross DML,SAF,1925z,17-Jun-19,,37S CA 94679 57205
Manbij,Cross DML,SAF,1925z,17-Jun-19,37S CA 95023 56280,
Kobani,Cross Border,SAF,1736z,17-Jun-19,,37S DA 24344 83682
Kobani,Cross Border,SAF,1736z,17-Jun-19,37S DA 24344 83682,
Manbij,UAS,,2110z,17-Jun-19,,37S CA 9500 5626
Manbij,UAS,,2110z,17-Jun-19,,37S CA 9500 5626
Tall Khinzir,Cross Border,SAF,1700z,18-Jun-19,37SEA7407268901,
Ras Al Ayn,Cross Border,SAF,1422z,18-Jun-19,37S EA 49005 62845 ,
Manbij,Cross DML,SAF,2045z,18-Jun-19,,37S DA 026 565
Manbij,Cross DML,SAF,2045z,18-Jun-19,37S DA 0210 5604,
Manbij,Cross DML,SAF,2132z,18-Jun-19,,37S DA 026 565
Manbij,Cross DML,SAF,2132z,18-Jun-19,37S DA 0210 5604,
Manbij,Cross DML,Dishka ,0224z,19-Jun-19,37S DA 0210 5604,
Manbij,Cross DML,Dishka ,0224z,19-Jun-19,,37S DA 0251 5664
Manbij,Cross DML,SAF,1616z,19-Jun-19,,37S DA 1355 5507
Manbij,Cross DML,SAF,1616z,19-Jun-19,37S DA 1428 5486,
Manbij,Cross DML,Dishka ,1857z,19-Jun-19,,37S CA 91478 55307
Manbij,Cross DML,Dishka ,1857z,19-Jun-19,37S CA 93169 54954,
Manbij,Cross DML,Dishka ,1430z,19-Jun-19,,37S DA 0251 5663
Manbij,Cross DML,Dishka ,1430z,19-Jun-19,37S DA 0210 5604,
Manbij,Cross DML,SAF,1930z,19-Jun-19,,37S CA 89640 54025
Manbij,Cross DML,SAF,1930z,19-Jun-19,,37S CA 91478 55307
Manbij,Cross DML,SAF,1930z,19-Jun-19,37S CA 91729 52810,
Manbij,Cross DML,SAF,1930z,19-Jun-19,37S CA 92195 53510,
Manbij,Cross DML,SAF,1930z,19-Jun-19,37S CA 93176 55028,
Manbij,Cross DML,SAF,1815z,20-Jun-19,,37S DA 05549 56017
Manbij,Cross DML,SAF,1815z,20-Jun-19,37S DA 05333 54495,
Manbij,Cross DML,Dishka ,1939z,20-Jun-19,,37S DA 0270 5638
Manbij,Cross DML,Dishka ,1939z,20-Jun-19,37S DA 0210 5604,
Manbij,Cross DML,SAF,1359z,21-Jun-19,,37S DA 11959 54454 
Manbij,Cross DML,SAf,1359z,21-Jun-19,37S DA 10978 53439,
Raqqah,UAS,,1800z,21-Jun-19,,37SDV9455179207
Green Village,IED,,1945z,21-Jun-19,,37S FU 857 669
Manbij,Cross DML,,0900z,23-Jun-19,,37S DA 00106 56149
Manbij,Cross DML,,0900z,23-Jun-19,37S DA 00101 55793,
Manbij,IR lasing,,2055z,23-Jun-19,,37S CA 9524 5989
Qamishli,IED,MBIED,1830z,23-Jun-19,,
Raqqah,IED,Detonation,2112z,23-Jun-19,37S EV 01568 78293,
Suluk,UXO,ERW,1530z,24-Jun-19,37S EA 10429 48535,
Manbij,Cross DML,DShK Fire,1819z,24-Jun-19,,37S CA 93838 56908
Manbij,Cross DML,DShK Fire,1819/2119z,24-Jun-19,37S CA 94374 55957,
Manbij,IED,,2315z,24-Jun-19,,37SDA0556643572
Green Village,Cross FLOT,SAF,830z,25-Jun-19,,37SFU4044370921
Raqqah,IED,Detonation,1445z,25-Jun-19,,37S DV 99785 78783
Manbij,Cross DML,DShK Fire,1757z,25-Jun-19,,37S CA 93838 56908
Manbij,Cross DML,DShK Fire,1757z,25-Jun-19,37S CA 94408 56018,
Green Village,Cross FLOT,SAF,0830z,25-Jun-19,,37S FU 40443 70921
Manbij,Cross DML,Dishka ,1505,26-Jun-19,,37S CA 93838 56908
Manbij,Cross DML,Dishka ,1505,26-Jun-19,37S CA 94419 56010,
Dayr Az Zawr,IED,,0900z,26-Jun-19,,37SFV2391301118
Green Village,Cross River,SAF,1330z,27-Jun-19,37SFU4048471366,
Green Village,Cross River,SAF,1330z,27-Jun-19,,37SFU4043770941
Tabqah,IED,Detonation,0500z,27-Jun-19,37SDV5865567269,
Jarabulus,Cross River,Dishka ,1430z,28-Jun-19,,37S DA 13377 65527
Jarabulus,Cross River,Dishka ,1430z,28-Jun-19,37S DA 15251 66566,
Diban,Explosion,Explosion,1750z,29-Jun-19,37SFU4441982781,
Manbij,Explosion,Mine,1000z,30-Jun-19,,37S CA 78983 37523
Qamishli,Cross Border,SAF,2130z,29-Jun-19,,37S GB 35966 11306 
Qamishli,Cross Border,SAF,2130z,29-Jun-19,37S GB 35155 09596,
Qamishli,Cross Border,SAF,2130z,29-Jun-19,37S GB 38114 10276,
Qamishli,Cross Border,SAF,1500z,30-Jun-19,37S GB 51988 12764 ,
Green Village,Cross FLOT,SAF,1630z,1-Jul-19,,37S FU 40484 71366
Green Village,Cross FLOT,SAF,1630z,1-Jul-19,37S FU 40437 70941,
Abu Rasin,IED,VBIED,1850z,1-Jul-19,,37SFA1786178522
Manbij,Cross DML,Mortars,1827z,29-Jun-19,37S CA 94408 56018,
Raqqah,Explosion,UXO,1748z,2-Jul-19,37S EV 00381 77979,
Shaddadi,UAS,Sighting,2230z,3-Jul-19,37SFV5565591054,
Manbij,Cross DML,PKM Fire,1919z,3-Jul-19,,37S DA 0435 5662
Manbij,Cross DML,PKM Fire,1919z,3-Jul-19,37S DA 0534 5451,
Jarabulus,Cross DML,Direct Fire,1830z,4-Jul-19,,37S DA 13572 72939
Jarabulus,Cross DML,Direct Fire,1830z,4-Jul-19,37S DA 14414 73122,
Tabqah,IED,VBIED,1845z,4-Jul-19,37SDV5935365922,
Raqqah,IED,Detonation,1825z,4-Jul-19,37SEV0140479492,
Shaddadi,UAS,Sighting,2100z,5-Jul-19,37SFV5565591054,
Green Village,Cross FLOT,Dishka ,1315z,6-Jul-19,,37S FU 59504 46295   
Green Village,Cross FLOT,Dishka ,1315z,6-Jul-19,37S FU 59366 46802,
Manbij,UAS,Sighting,0500z,7-Jul-19,,37S DA 0561 3850
Raqqah,IED,RCIED,0545z,7-Jul-19,,37SDV9982679312
Green Village,IED,MBIED,0730z,7-Jul-19,37SFU5359754782,
Jarabulus,Cross DML,IDF,1920z,7-Jul-19,,37S DA 12853 69616
Jarabulus,Cross DML,IDF,1920z,7-Jul-19,37S DA 16425 69805,
Raqqah,IED,Detonation,1730z,7-Jul-19,,37SEV0191380155
Manbij,TSO Engage Civilians,SAF,2029z,8-Jul-19,,37S DA 0433 5575
Manbij,TSO Engage Civilians,SAF,2029z,8-Jul-19,37S DA 0454 5530,
Diban,IED,,1400z,9-Jul-19,37SFU4153472551,
Green Village,IED,,1700z,9-Jul-19,37S FU 30505 87815,
Hasakah,Cross Border,,1815z,9-Jul-19,37 S EA 84171 73813,
Raqqah,IED,,1600z,9-Jul-19,37SDV9826977498,
Raqqah,Grenade Attack,,1210z,9-Jul-19,37SEV0131077484,
Manbij City,Other,ERW,1000z,8-Jul-19,37SDA0503142497,
Mayadin,Attack,Grenade,0930z,10-Jul-19,37S FU 38296 76604,
Shaddadi,IED,MBIED,0730z,10-Jul-19,37S FV 59742 58154,
Raqqah,Murder,Kidnapping,1505z,10-Jul-19,,37SEV0006779971
Kobani,Cross Border,SAF,1945z,10-Jul-19,,37SEA0285362933
Hasakah,IED,MBIED,0700z,11-Jul-19,,37S FA 57695 42930
Qamishli,IED,VBIED,1500z,11-Jul-19,,37S FB 98008 02795
Suluk,IED,,1330z,11-Jul-19,,37SEA1150250428
Manbij,Cross DML,IDF,2013z,11-Jul-19,,37SCA86704876
Manbij,Cross DML,IDF,2013z,11-Jul-19,37SCA8784647359,
Manbij,Cross DML,IDF,2013z,11-Jul-19,37S CA 8867 4814,
Green Village,IED,,1200z,12-Jul-19,37SFU3058181850,
Green Village,IED,VBIED,1300z,12-Jul-19,37SFU4185871909,
Green Village,IED,REMOVAL,0900z,12-Jul-19,37S FU 54318 60403,
Hasakah,IED,Detonation,1730z,16-Jul-19,,37S FA 56290 41916 
Kobani,Cross Border,Heavy MG Fire,1745z,16-Jul-19,,37SEA7214068155
Raqqah,IED,Removal,1810z,16-Jul-19,,37SDV9917779993
Raqqah,Mine,Explosion,1830z,16-Jul-19,,37SEV0107379193
Derrik,IED,Detonation,0200z,17-Jul-19,,37SGA5931082259
Hasakah,IED,VBIED,0750z,17-Jul-19,,37SFA5673440223
Manbij,UAS,Sighting,2315z,17-Jul-19,,37S CA 9841 5447
Mayadin,IED,Premature Det,2000z,17-Jul-19,,37SFU3681775355
Manbij,UAS,Sighting,1809z,18-Jul-19,,37S CA 92195 53510
Ras Al Ayn,Cross Border,Heavy MG Fire,1715z,18-Jul-19,,37S EA 98176 80005
Manbij,Cross DML,DISHKA,1701z,18-Jul-19,37S CA 93176 55028,
Manbij,Cross DML,DISHKA,1701z,18-Jul-19,,37S CA 92152 55704 
Ras Al Ayn,Cross Border,Heavy MG Fire,1800z,18-Jul-19,37S EA 66577 67726,
Ras Al Ayn,Cross Border,Heavy MG Fire,1800z,18-Jul-19,,37S EA 66920 65341
Manbij,UAS,Sighting,2130z,18-Jul-19,,37SDA3778555919
Hasakah,Harrassing Fire,SAF,1713z,15-Jul-19,,37S FA 42486 61286
Diban,Assassination,,1830z,18-Jul-19,,37S FU 407 717
Diban,IED,Detonation,0030z,19-Jul-19,,37SFU3786274348
Manbij,Cross DML,DISHKA,1714z,19-Jul-19,37S DA 02496 56625 ,
Manbij,Cross DML,DISHKA,1714z,19-Jul-19,,37S DA 02130 56095 
Manbij,UAS,,2240z,19-Jul-19,,37S CA 81064 34805
Hasakah,Cross Border,Heavy MG Fire,1900z,19-Jul-19,37S EA 84887 74959,
Hasakah,Cross Border,Heavy MG Fire,1900z,19-Jul-19,,37S EA 85410 72772
Mayadin,Other,ECP Probe,0030z,20-Jul-19,37SFU4229079035,
Hasakah,Cross Border,Heavy MG Fire,1810z,22-Jul-19,37SEA6717169176,
Hasakah,Cross Border,Heavy MG Fire,1810z,22-Jul-19,,37SEA6687865275
Raqqah,Mine,REMOVAL,1355z,22-Jul-19,,37SDV9097674900
Hasakah,IED,MBIED,0858z,21-Jul-19,,37SFA5709539463
Suluk,IED,Detonation,0300z,21-Jul-19,,37SEA0689842268
Bashur,UAS,,1355z,22-Jul-19,,38S MF 41178 42627
Manbij,UAS,,2052z,22-Jul-19,,37S CA 9482 3955
Manbij,Cross DML,DISHKAS,2140z,22-Jul-19,37S CA 7823 4029,
Manbij,Cross DML,DISHKAS,2140z,22-Jul-19,,37S CA 7651 4113
Ras Al Ayn,Cross Border,SAF,1630z,23-Jul-19,,37S FA 00510 81042
Ras Al Ayn,Cross Border,SAF,1630z,23-Jul-19,37S FA 00565 80367,
Kobani,Cross Border,Civilian Wounded,1120z,24-Jul-19,37SDA5672078487,
Manbij,Cross DML,SAF,2123z,24-Jul-19,,37S CA 890 514
Manbij,Cross DML,SAF,2123z,24-Jul-19,37S CA 8964 5127,
Green Village,Drive By,SAF,1030z,25-Jul-19,,37SFU3773274245
Manbij,Cross DML,Heavy MG Fire,1914z,25-Jul-19,,37S CA 93874 56982
Manbij,Cross DML,Heavy MG Fire,1914z,25-Jul-19,37S CA 94425 56025,
Manbij,Cross DML,DISHKA ,2047z,25-Jul-19,,37S CA 77652 36674
Manbij,Cross DML,DISHKA ,2047z,25-Jul-19,37S CA 79308 36975,
Manbij,Cross DML,DISHKA,1917z,26-Jul-19,,37S CA 80957 32438
Manbij,Cross DML,DISHKA,1917z,26-Jul-19,37S CA 81062 34328,
Green village,Cross FLOT,Illumination rounds,1716z,26-Jul-19,,37S FV 12273 05215
Green village,Cross FLOT,Illumination rounds,1716z,26-Jul-19,37S FV 21979 05171,
Raqqah,Explosion,Anti-personnel Mine,0926z,27-Jul-19,,37S EV 06711 85982
Dayr Az Zawr,UAS,Iranian,1912z,27-Jul-19,,37SFU2986764774
Raqqah,Explosion,Grenade,2000z,27-Jul-19,37SEV0044579476,
UNCLASSIFIED//FOUO,,,,,,
